dataset,protected_attribute,unbiasing_algorithm,data,classifier_type,classification_algorithm,value,disparate_impact,discrimination_score,true_positive_rate_diff,false_positive_rate_diff,false_positive_error_rate_balance_score,false_negative_error_rate_balance_score,consistency,confusion_matrix,accuracy,f1_score,recall,precision,mathews_cc,roc_curve,auc,sensitivity,specificity
Adult Income,race,NA,Validation,Surrogate,LogisticRegression,Amer-Indian-Eskimo,0.0,0.8302,0.5384,0.9241,0.924,0.5383,0.9999,"[3337, 271, 624, 530]",0.8121,0.5422,0.4593,0.6617,0.4401,"[[0.0, 0.07511086474501108, 1.0], [0.0, 0.4592720970537262, 1.0], [inf, 1.0, 0.0]]",0.6921,0.4593,0.9249
Adult Income,race,NA,Validation,Surrogate,LogisticRegression,Asian-Pac-Islander,0.7773,0.9623,0.9435,0.9508,0.9521,0.9386,0.9999,,,,,,,,,,
Adult Income,race,NA,Validation,Surrogate,LogisticRegression,Black,0.3335,0.8803,0.8646,0.9411,0.941,0.8614,0.9999,,,,,,,,,,
Adult Income,race,NA,Validation,Surrogate,LogisticRegression,Other,0.9198,0.9865,1.1412,1.0072,0.9893,0.8587,0.9999,,,,,,,,,,
Adult Income,race,NA,Validation,Surrogate,LogisticRegression,White,2.4203,0.8922,1.1204,1.0591,0.9415,0.8787,0.9999,,,,,,,,,,
Adult Income,race,NA,Validation,Surrogate,SVC,Amer-Indian-Eskimo,0.127,0.8584,0.5243,0.9624,0.9636,0.5244,1.0,"[3388, 220, 608, 546]",0.8261,0.5688,0.4731,0.7128,0.4807,"[[0.0, 0.06097560975609756, 1.0], [0.0, 0.4731369150779896, 1.0], [inf, 1.0, 0.0]]",0.7061,0.4731,0.939
Adult Income,race,NA,Validation,Surrogate,SVC,Asian-Pac-Islander,1.387,0.9385,1.1513,1.0074,0.9941,0.8427,0.9999,,,,,,,,,,
Adult Income,race,NA,Validation,Surrogate,SVC,Black,0.318,0.8827,0.8499,0.9516,0.9512,0.8469,0.9999,,,,,,,,,,
Adult Income,race,NA,Validation,Surrogate,SVC,Other,0.4418,0.9098,1.1276,0.9384,0.9384,0.8726,1.0,,,,,,,,,,
Adult Income,race,NA,Validation,Surrogate,SVC,White,1.9394,0.9163,1.0421,1.0421,0.9583,0.9569,0.9999,,,,,,,,,,
Adult Income,race,NA,Validation,Surrogate,GaussianNB,Amer-Indian-Eskimo,0.0,0.684,0.2912,0.8105,0.8105,0.2909,1.0,"[2932, 676, 340, 814]",0.7866,0.6157,0.7054,0.5463,0.4787,"[[0.0, 0.18736141906873613, 1.0], [0.0, 0.7053726169844021, 1.0], [inf, 1.0, 0.0]]",0.759,0.7054,0.8126
Adult Income,race,NA,Validation,Surrogate,GaussianNB,Asian-Pac-Islander,0.2363,0.7554,0.5283,0.8165,0.8168,0.5283,1.0,,,,,,,,,,
Adult Income,race,NA,Validation,Surrogate,GaussianNB,Black,0.2496,0.7472,0.6977,0.8312,0.8318,0.6985,1.0,,,,,,,,,,
Adult Income,race,NA,Validation,Surrogate,GaussianNB,Other,0.5688,0.8646,1.0951,0.8939,0.8973,0.905,1.0,,,,,,,,,,
Adult Income,race,NA,Validation,Surrogate,GaussianNB,White,4.2774,0.7306,1.3917,1.184,0.8161,0.6077,1.0,,,,,,,,,,
Adult Income,race,NA,Validation,Surrogate,DecisionTreeClassifier,Amer-Indian-Eskimo,0.9739,0.9942,0.6208,1.104,0.8972,0.6336,0.9997,"[3163, 445, 541, 613]",0.7929,0.5542,0.5312,0.5794,0.4204,"[[0.0, 0.1233370288248337, 1.0], [0.0, 0.5311958405545927, 1.0], [inf, 1.0, 0.0]]",0.7039,0.5312,0.8767
Adult Income,race,NA,Validation,Surrogate,DecisionTreeClassifier,Asian-Pac-Islander,1.5183,0.8866,1.1277,1.0884,0.9113,0.8769,0.9993,,,,,,,,,,
Adult Income,race,NA,Validation,Surrogate,DecisionTreeClassifier,Black,0.5433,0.8939,0.9171,0.9515,0.9517,0.9195,0.9994,,,,,,,,,,
Adult Income,race,NA,Validation,Surrogate,DecisionTreeClassifier,Other,0.5336,0.896,1.0691,0.9308,0.9331,0.9309,0.9997,,,,,,,,,,
Adult Income,race,NA,Validation,Surrogate,DecisionTreeClassifier,White,1.3105,0.9455,1.0168,1.0134,0.9871,0.9865,0.9993,,,,,,,,,,
Adult Income,race,NA,Validation,Surrogate,RandomForestClassifier,Amer-Indian-Eskimo,0.3814,0.8662,0.4251,0.9943,0.9991,0.4251,0.9999,"[3244, 364, 494, 660]",0.8198,0.6061,0.5719,0.6445,0.4913,"[[0.0, 0.1008869179600887, 1.0], [0.0, 0.5719237435008665, 1.0], [inf, 1.0, 0.0]]",0.7355,0.5719,0.8991
Adult Income,race,NA,Validation,Surrogate,RandomForestClassifier,Asian-Pac-Islander,1.0896,0.9808,0.9994,1.0038,0.996,0.9968,0.9997,,,,,,,,,,
Adult Income,race,NA,Validation,Surrogate,RandomForestClassifier,Black,0.4349,0.8716,0.9016,0.9404,0.9402,0.8958,0.9999,,,,,,,,,,
Adult Income,race,NA,Validation,Surrogate,RandomForestClassifier,Other,0.4407,0.8792,1.2289,0.8982,0.8981,0.7709,0.9999,,,,,,,,,,
Adult Income,race,NA,Validation,Surrogate,RandomForestClassifier,White,1.8038,0.8976,1.0815,1.0504,0.9499,0.9208,0.9998,,,,,,,,,,
Adult Income,race,NA,Validation,Test,XGBClassifier,Amer-Indian-Eskimo,0.4784,0.8876,0.5399,1.0081,0.9872,0.5526,0.9997,"[3293, 315, 448, 706]",0.8398,0.6492,0.6118,0.6915,0.5476,"[[0.0, 0.0873059866962306, 1.0], [0.0, 0.6117850953206239, 1.0], [inf, 1.0, 0.0]]",0.7622,0.6118,0.9127
Adult Income,race,NA,Validation,Test,XGBClassifier,Asian-Pac-Islander,1.0607,0.987,1.0689,0.9709,0.9689,0.9345,0.9997,,,,,,,,,,
Adult Income,race,NA,Validation,Test,XGBClassifier,Black,0.3592,0.8537,0.8143,0.9382,0.9386,0.8158,0.9996,,,,,,,,,,
Adult Income,race,NA,Validation,Test,XGBClassifier,Other,0.442,0.8798,1.1891,0.9119,0.9118,0.811,0.9997,,,,,,,,,,
Adult Income,race,NA,Validation,Test,XGBClassifier,White,1.9983,0.8846,1.0911,1.0568,0.9434,0.9081,0.9996,,,,,,,,,,
Adult Income,race,NA,Test,Surrogate,LogisticRegression,Amer-Indian-Eskimo,0.2369,0.8686,0.7111,0.9424,0.9435,0.726,1.0,"[6638, 579, 1259, 1049]",0.807,0.533,0.4545,0.6443,0.426,"[[0.0, 0.08022724123597062, 1.0], [0.0, 0.4545060658578856, 1.0], [inf, 1.0, 0.0]]",0.6871,0.4545,0.9198
Adult Income,race,NA,Test,Surrogate,LogisticRegression,Asian-Pac-Islander,0.7866,0.9633,0.8539,0.9876,0.9861,0.8571,1.0,,,,,,,,,,
Adult Income,race,NA,Test,Surrogate,LogisticRegression,Black,0.2807,0.868,0.7922,0.9353,0.9352,0.797,1.0,,,,,,,,,,
Adult Income,race,NA,Test,Surrogate,LogisticRegression,Other,0.2151,0.865,0.5439,0.9617,0.9635,0.5437,1.0,,,,,,,,,,
Adult Income,race,NA,Test,Surrogate,LogisticRegression,White,2.7555,0.8801,1.2052,1.0573,0.9426,0.7934,1.0,,,,,,,,,,
Adult Income,race,NA,Test,Surrogate,SVC,Amer-Indian-Eskimo,0.2571,0.8821,0.6986,0.9643,0.9654,0.7138,1.0,"[6794, 423, 1231, 1077]",0.8264,0.5657,0.4666,0.718,0.48,"[[0.0, 0.05861161147291118, 1.0], [0.0, 0.4666377816291161, 1.0], [inf, 1.0, 0.0]]",0.704,0.4666,0.9414
Adult Income,race,NA,Test,Surrogate,SVC,Asian-Pac-Islander,1.5116,0.9207,1.1159,1.0473,0.9524,0.8802,1.0,,,,,,,,,,
Adult Income,race,NA,Test,Surrogate,SVC,Black,0.3056,0.883,0.8331,0.9529,0.9524,0.8316,1.0,,,,,,,,,,
Adult Income,race,NA,Test,Surrogate,SVC,Other,0.2334,0.8785,0.643,0.9693,0.9705,0.6431,1.0,,,,,,,,,,
Adult Income,race,NA,Test,Surrogate,SVC,White,1.8914,0.9204,1.0784,1.0295,0.9703,0.9214,1.0,,,,,,,,,,
Adult Income,race,NA,Test,Surrogate,GaussianNB,Amer-Indian-Eskimo,0.0,0.6828,0.3006,0.8059,0.8059,0.3004,1.0,"[5832, 1385, 701, 1607]",0.781,0.6064,0.6963,0.5371,0.4656,"[[0.0, 0.19190799501177774, 1.0], [0.0, 0.6962738301559792, 1.0], [inf, 1.0, 0.0]]",0.7522,0.6963,0.8081
Adult Income,race,NA,Test,Surrogate,GaussianNB,Asian-Pac-Islander,0.2775,0.768,0.5037,0.8445,0.8465,0.5019,1.0,,,,,,,,,,
Adult Income,race,NA,Test,Surrogate,GaussianNB,Black,0.2675,0.7527,0.6549,0.8421,0.8422,0.6566,1.0,,,,,,,,,,
Adult Income,race,NA,Test,Surrogate,GaussianNB,Other,0.2734,0.7704,0.6357,0.8631,0.8656,0.6356,1.0,,,,,,,,,,
Adult Income,race,NA,Test,Surrogate,GaussianNB,White,4.1777,0.7318,1.4458,1.1726,0.8271,0.5536,1.0,,,,,,,,,,
Adult Income,race,NA,Test,Surrogate,DecisionTreeClassifier,Amer-Indian-Eskimo,0.7742,0.9494,0.8839,1.0148,0.9906,0.9216,0.9998,"[6316, 901, 1079, 1229]",0.7921,0.5539,0.5325,0.577,0.4192,"[[0.0, 0.12484411805459332, 1.0], [0.0, 0.5324956672443674, 1.0], [inf, 1.0, 0.0]]",0.7038,0.5325,0.8752
Adult Income,race,NA,Test,Surrogate,DecisionTreeClassifier,Asian-Pac-Islander,1.3576,0.9209,1.0101,1.0868,0.9128,0.9878,0.9995,,,,,,,,,,
Adult Income,race,NA,Test,Surrogate,DecisionTreeClassifier,Black,0.4635,0.8736,0.827,0.9417,0.9416,0.8287,0.9997,,,,,,,,,,
Adult Income,race,NA,Test,Surrogate,DecisionTreeClassifier,Other,0.4949,0.8866,0.6886,0.9735,0.9778,0.6885,0.9998,,,,,,,,,,
Adult Income,race,NA,Test,Surrogate,DecisionTreeClassifier,White,1.5194,0.9196,1.106,1.0251,0.9749,0.8909,0.9997,,,,,,,,,,
Adult Income,race,NA,Test,Surrogate,RandomForestClassifier,Amer-Indian-Eskimo,0.3759,0.8645,0.7628,0.9432,0.9455,0.7929,0.9999,"[6476, 741, 993, 1315]",0.818,0.6027,0.5698,0.6396,0.4865,"[[0.0, 0.10267424137453235, 1.0], [0.0, 0.5697573656845754, 1.0], [inf, 1.0, 0.0]]",0.7335,0.5698,0.8973
Adult Income,race,NA,Test,Surrogate,RandomForestClassifier,Asian-Pac-Islander,1.2793,0.9402,1.059,1.0347,0.9635,0.9346,0.9999,,,,,,,,,,
Adult Income,race,NA,Test,Surrogate,RandomForestClassifier,Black,0.4281,0.8695,0.815,0.9478,0.9481,0.8179,0.9996,,,,,,,,,,
Adult Income,race,NA,Test,Surrogate,RandomForestClassifier,Other,0.1703,0.8197,0.6514,0.9106,0.9112,0.6511,0.9999,,,,,,,,,,
Adult Income,race,NA,Test,Surrogate,RandomForestClassifier,White,1.7551,0.901,1.1019,1.0408,0.9591,0.8971,0.9998,,,,,,,,,,
Adult Income,race,NA,Test,Test,XGBClassifier,Amer-Indian-Eskimo,0.2906,0.8506,0.7396,0.9361,0.9372,0.7698,0.9999,"[6593, 624, 940, 1368]",0.8358,0.6363,0.5927,0.6867,0.5334,"[[0.0, 0.08646251905223777, 1.0], [0.0, 0.5927209705372617, 1.0], [inf, 1.0, 0.0]]",0.7531,0.5927,0.9135
Adult Income,race,NA,Test,Test,XGBClassifier,Asian-Pac-Islander,1.4223,0.9128,1.0596,1.0795,0.9223,0.9452,0.9999,,,,,,,,,,
Adult Income,race,NA,Test,Test,XGBClassifier,Black,0.4075,0.8687,0.8711,0.9445,0.9452,0.8695,0.9998,,,,,,,,,,
Adult Income,race,NA,Test,Test,XGBClassifier,Other,0.3525,0.8639,0.8512,0.9412,0.9424,0.8511,0.9999,,,,,,,,,,
Adult Income,race,NA,Test,Test,XGBClassifier,White,1.6949,0.9089,1.0674,1.0333,0.9671,0.9295,0.9999,,,,,,,,,,
Adult Income,sex,NA,Validation,Surrogate,LogisticRegression,Female,0.0599,0.7709,0.5011,0.8976,0.8974,0.4998,0.9999,"[3337, 271, 624, 530]",0.8121,0.5422,0.4593,0.6617,0.4401,"[[0.0, 0.07511086474501108, 1.0], [0.0, 0.4592720970537262, 1.0], [inf, 1.0, 0.0]]",0.6921,0.4593,0.9249
Adult Income,sex,NA,Validation,Surrogate,LogisticRegression,Male,16.6918,0.7709,1.4989,1.1024,0.8974,0.4998,0.9999,,,,,,,,,,
Adult Income,sex,NA,Validation,Surrogate,SVC,Female,0.2609,0.8428,0.8754,0.9273,0.9275,0.876,1.0,"[3388, 220, 608, 546]",0.8261,0.5688,0.4731,0.7128,0.4807,"[[0.0, 0.06097560975609756, 1.0], [0.0, 0.4731369150779896, 1.0], [inf, 1.0, 0.0]]",0.7061,0.4731,0.939
Adult Income,sex,NA,Validation,Surrogate,SVC,Male,3.8324,0.8428,1.1246,1.0727,0.9275,0.876,1.0,,,,,,,,,,
Adult Income,sex,NA,Validation,Surrogate,GaussianNB,Female,0.0,0.5333,0.1696,0.6944,0.6945,0.1694,1.0,"[2932, 676, 340, 814]",0.7866,0.6157,0.7054,0.5463,0.4787,"[[0.0, 0.18736141906873613, 1.0], [0.0, 0.7053726169844021, 1.0], [inf, 1.0, 0.0]]",0.759,0.7054,0.8126
Adult Income,sex,NA,Validation,Surrogate,GaussianNB,Male,inf,0.5333,1.8304,1.3056,0.6945,0.1694,1.0,,,,,,,,,,
Adult Income,sex,NA,Validation,Surrogate,DecisionTreeClassifier,Female,0.3729,0.8234,0.8269,0.91,0.9101,0.8252,0.9996,"[3153, 455, 545, 609]",0.79,0.5491,0.5277,0.5724,0.4131,"[[0.0, 0.12610864745011086, 1.0], [0.0, 0.5277296360485269, 1.0], [inf, 1.0, 0.0]]",0.7008,0.5277,0.8739
Adult Income,sex,NA,Validation,Surrogate,DecisionTreeClassifier,Male,2.6819,0.8234,1.1731,1.09,0.9101,0.8252,0.9996,,,,,,,,,,
Adult Income,sex,NA,Validation,Surrogate,RandomForestClassifier,Female,0.3143,0.8106,0.8199,0.9101,0.9103,0.8199,0.9999,"[3244, 364, 500, 654]",0.8186,0.6022,0.5667,0.6424,0.4869,"[[0.0, 0.1008869179600887, 1.0], [0.0, 0.5667244367417678, 1.0], [inf, 1.0, 0.0]]",0.7329,0.5667,0.8991
Adult Income,sex,NA,Validation,Surrogate,RandomForestClassifier,Male,3.182,0.8106,1.1801,1.0899,0.9103,0.8199,1.0,,,,,,,,,,
Adult Income,sex,NA,Validation,Test,XGBClassifier,Female,0.3132,0.8097,0.8632,0.9162,0.9161,0.8616,0.9997,"[3293, 315, 448, 706]",0.8398,0.6492,0.6118,0.6915,0.5476,"[[0.0, 0.0873059866962306, 1.0], [0.0, 0.6117850953206239, 1.0], [inf, 1.0, 0.0]]",0.7622,0.6118,0.9127
Adult Income,sex,NA,Validation,Test,XGBClassifier,Male,3.1924,0.8097,1.1368,1.0838,0.9161,0.8616,0.9997,,,,,,,,,,
Adult Income,sex,NA,Test,Surrogate,LogisticRegression,Female,0.0715,0.7714,0.5267,0.8909,0.8909,0.5261,1.0,"[6638, 579, 1259, 1049]",0.807,0.533,0.4545,0.6443,0.426,"[[0.0, 0.08022724123597062, 1.0], [0.0, 0.4545060658578856, 1.0], [inf, 1.0, 0.0]]",0.6871,0.4545,0.9198
Adult Income,sex,NA,Test,Surrogate,LogisticRegression,Male,13.9886,0.7714,1.4733,1.1091,0.8909,0.5261,1.0,,,,,,,,,,
Adult Income,sex,NA,Test,Surrogate,SVC,Female,0.2495,0.843,0.8581,0.9301,0.9302,0.8578,1.0,"[6794, 423, 1231, 1077]",0.8264,0.5657,0.4666,0.718,0.48,"[[0.0, 0.05861161147291118, 1.0], [0.0, 0.4666377816291161, 1.0], [inf, 1.0, 0.0]]",0.704,0.4666,0.9414
Adult Income,sex,NA,Test,Surrogate,SVC,Male,4.0077,0.843,1.1419,1.0699,0.9302,0.8578,1.0,,,,,,,,,,
Adult Income,sex,NA,Test,Surrogate,GaussianNB,Female,0.0,0.5317,0.1807,0.6872,0.6871,0.1805,1.0,"[5832, 1385, 701, 1607]",0.781,0.6064,0.6963,0.5371,0.4656,"[[0.0, 0.19190799501177774, 1.0], [0.0, 0.6962738301559792, 1.0], [inf, 1.0, 0.0]]",0.7522,0.6963,0.8081
Adult Income,sex,NA,Test,Surrogate,GaussianNB,Male,inf,0.5317,1.8193,1.3128,0.6871,0.1805,1.0,,,,,,,,,,
Adult Income,sex,NA,Test,Surrogate,DecisionTreeClassifier,Female,0.3832,0.8265,0.9139,0.8998,0.8998,0.9131,0.9998,"[6310, 907, 1080, 1228]",0.7914,0.5528,0.5321,0.5752,0.4176,"[[0.0, 0.1256754884300956, 1.0], [0.0, 0.5320623916811091, 1.0], [inf, 1.0, 0.0]]",0.7032,0.5321,0.8743
Adult Income,sex,NA,Test,Surrogate,DecisionTreeClassifier,Male,2.6095,0.8265,1.0861,1.1002,0.8998,0.9131,0.9998,,,,,,,,,,
Adult Income,sex,NA,Test,Surrogate,RandomForestClassifier,Female,0.2887,0.8009,0.899,0.8846,0.8847,0.8995,0.9998,"[6484, 733, 1000, 1308]",0.8181,0.6015,0.5667,0.6409,0.4857,"[[0.0, 0.1015657475405293, 1.0], [0.0, 0.5667244367417678, 1.0], [inf, 1.0, 0.0]]",0.7326,0.5667,0.8984
Adult Income,sex,NA,Test,Surrogate,RandomForestClassifier,Male,3.4641,0.8009,1.101,1.1154,0.8847,0.8995,0.9998,,,,,,,,,,
Adult Income,sex,NA,Test,Test,XGBClassifier,Female,0.2981,0.809,0.9071,0.9036,0.9034,0.9062,0.9999,"[6593, 624, 940, 1368]",0.8358,0.6363,0.5927,0.6867,0.5334,"[[0.0, 0.08646251905223777, 1.0], [0.0, 0.5927209705372617, 1.0], [inf, 1.0, 0.0]]",0.7531,0.5927,0.9135
Adult Income,sex,NA,Test,Test,XGBClassifier,Male,3.3551,0.809,1.0929,1.0964,0.9034,0.9062,0.9999,,,,,,,,,,
Adult Income,race,LGAFFS,Validation,Surrogate,LogisticRegression,Amer-Indian-Eskimo,0.6303,0.9637,0.7055,1.0364,0.96,0.7056,0.9998,"[3480, 128, 816, 338]",0.8018,0.4173,0.2929,0.7253,0.3712,"[[0.0, 0.03547671840354767, 1.0], [0.0, 0.292894280762565, 1.0], [inf, 1.0, 0.0]]",0.6287,0.2929,0.9645
Adult Income,race,LGAFFS,Validation,Surrogate,LogisticRegression,Asian-Pac-Islander,1.9716,0.9076,1.2144,1.0337,0.9678,0.7855,0.9998,,,,,,,,,,
Adult Income,race,LGAFFS,Validation,Surrogate,LogisticRegression,Black,0.3846,0.936,0.9576,0.971,0.9715,0.9597,0.9998,,,,,,,,,,
Adult Income,race,LGAFFS,Validation,Surrogate,LogisticRegression,Other,0.7286,0.9734,0.9066,1.0195,0.9782,0.9067,0.9999,,,,,,,,,,
Adult Income,race,LGAFFS,Validation,Surrogate,LogisticRegression,White,1.3651,0.9728,0.9616,1.0089,0.9907,0.9589,0.9999,,,,,,,,,,
Adult Income,race,LGAFFS,Validation,Surrogate,SVC,Amer-Indian-Eskimo,0.6901,0.9722,1.0273,0.9955,0.9967,0.9472,0.9999,"[3506, 102, 830, 324]",0.8043,0.4101,0.2808,0.7606,0.3791,"[[0.0, 0.02827050997782705, 1.0], [0.0, 0.2807625649913345, 1.0], [inf, 1.0, 0.0]]",0.6262,0.2808,0.9717
Adult Income,race,LGAFFS,Validation,Surrogate,SVC,Asian-Pac-Islander,2.6675,0.8581,1.3259,1.0599,0.9408,0.6693,0.9999,,,,,,,,,,
Adult Income,race,LGAFFS,Validation,Surrogate,SVC,Black,0.5401,0.957,1.0154,0.9884,0.988,0.9894,0.9999,,,,,,,,,,
Adult Income,race,LGAFFS,Validation,Surrogate,SVC,Other,0.7969,0.9818,1.3207,0.9715,0.9715,0.6794,0.9999,,,,,,,,,,
Adult Income,race,LGAFFS,Validation,Surrogate,SVC,White,0.9856,0.9987,0.8447,0.9983,0.9987,0.8417,0.9998,,,,,,,,,,
Adult Income,race,LGAFFS,Validation,Surrogate,GaussianNB,Amer-Indian-Eskimo,inf,0.7835,1.3077,1.2024,0.8,0.6667,0.9999,"[3600, 8, 1152, 2]",0.7564,0.0034,0.0017,0.2,-0.0045,"[[0.0, 0.0022172949002217295, 1.0], [0.0, 0.0017331022530329288, 1.0], [inf, 1.0, 0.0]]",0.4998,0.0017,0.9978
Adult Income,race,LGAFFS,Validation,Surrogate,GaussianNB,Asian-Pac-Islander,0.0,0.9978,0.9983,0.9977,0.9977,0.9982,0.9995,,,,,,,,,,
Adult Income,race,LGAFFS,Validation,Surrogate,GaussianNB,Black,0.0,0.9977,0.9983,0.9975,0.9975,0.9982,0.9996,,,,,,,,,,
Adult Income,race,LGAFFS,Validation,Surrogate,GaussianNB,Other,0.0,0.9979,0.9983,0.9977,0.9978,0.9983,0.9995,,,,,,,,,,
Adult Income,race,LGAFFS,Validation,Surrogate,GaussianNB,White,0.0,0.9854,0.9821,0.986,0.9862,0.9811,0.9997,,,,,,,,,,
Adult Income,race,LGAFFS,Validation,Surrogate,DecisionTreeClassifier,Amer-Indian-Eskimo,0.3521,0.8482,0.7415,0.9201,0.9225,0.7671,0.9999,"[3151, 457, 502, 652]",0.7986,0.5762,0.565,0.5879,0.4444,"[[0.0, 0.12666297117516628, 1.0], [0.0, 0.5649913344887348, 1.0], [inf, 1.0, 0.0]]",0.7192,0.565,0.8733
Adult Income,race,LGAFFS,Validation,Surrogate,DecisionTreeClassifier,Asian-Pac-Islander,1.1935,0.9552,1.0559,1.0147,0.9833,0.9378,0.9997,,,,,,,,,,
Adult Income,race,LGAFFS,Validation,Surrogate,DecisionTreeClassifier,Black,0.282,0.8205,0.772,0.894,0.8944,0.7695,0.9999,,,,,,,,,,
Adult Income,race,LGAFFS,Validation,Surrogate,DecisionTreeClassifier,Other,0.6627,0.9212,1.4368,0.8997,0.901,0.5631,0.9999,,,,,,,,,,
Adult Income,race,LGAFFS,Validation,Surrogate,DecisionTreeClassifier,White,2.1027,0.8679,1.0936,1.0872,0.913,0.9076,0.9999,,,,,,,,,,
Adult Income,race,LGAFFS,Validation,Surrogate,RandomForestClassifier,Amer-Indian-Eskimo,0.4207,0.8864,0.7756,0.9597,0.962,0.8011,1.0,"[3292, 316, 541, 613]",0.82,0.5886,0.5312,0.6598,0.4797,"[[0.0, 0.08758314855875832, 1.0], [0.0, 0.5311958405545927, 1.0], [inf, 1.0, 0.0]]",0.7218,0.5312,0.9124
Adult Income,race,LGAFFS,Validation,Surrogate,RandomForestClassifier,Asian-Pac-Islander,1.4346,0.9163,1.091,1.055,0.943,0.9028,0.9998,,,,,,,,,,
Adult Income,race,LGAFFS,Validation,Surrogate,RandomForestClassifier,Black,0.3386,0.8623,0.8075,0.938,0.9383,0.805,1.0,,,,,,,,,,
Adult Income,race,LGAFFS,Validation,Surrogate,RandomForestClassifier,Other,0.4862,0.8994,1.27,0.9115,0.9116,0.73,1.0,,,,,,,,,,
Adult Income,race,LGAFFS,Validation,Surrogate,RandomForestClassifier,White,1.7795,0.9088,1.0661,1.0426,0.9575,0.9345,1.0,,,,,,,,,,
Adult Income,race,LGAFFS,Test,Surrogate,LogisticRegression,Amer-Indian-Eskimo,0.512,0.9514,0.8786,0.9961,0.9978,0.8936,1.0,"[6937, 280, 1644, 664]",0.798,0.4084,0.2877,0.7034,0.3569,"[[0.0, 0.038797284190106696, 1.0], [0.0, 0.2876949740034662, 1.0], [inf, 1.0, 0.0]]",0.6244,0.2877,0.9612
Adult Income,race,LGAFFS,Test,Surrogate,LogisticRegression,Asian-Pac-Islander,1.9896,0.9048,1.1512,1.063,0.937,0.8522,1.0,,,,,,,,,,
Adult Income,race,LGAFFS,Test,Surrogate,LogisticRegression,Black,0.2966,0.9253,0.8865,0.9685,0.9691,0.8871,1.0,,,,,,,,,,
Adult Income,race,LGAFFS,Test,Surrogate,LogisticRegression,Other,0.0,0.9001,0.7113,0.9608,0.9608,0.7112,1.0,,,,,,,,,,
Adult Income,race,LGAFFS,Test,Surrogate,LogisticRegression,White,1.6148,0.9601,1.0214,1.0119,0.9877,0.9769,0.9999,,,,,,,,,,
Adult Income,race,LGAFFS,Test,Surrogate,SVC,Amer-Indian-Eskimo,0.7881,0.9808,1.0547,1.0049,0.9934,0.915,1.0,"[7000, 217, 1664, 644]",0.8025,0.4064,0.279,0.748,0.372,"[[0.0, 0.030067895247332686, 1.0], [0.0, 0.27902946273830154, 1.0], [inf, 1.0, 0.0]]",0.6245,0.279,0.9699
Adult Income,race,LGAFFS,Test,Surrogate,SVC,Asian-Pac-Islander,2.9368,0.8346,1.3598,1.0766,0.923,0.6336,1.0,,,,,,,,,,
Adult Income,race,LGAFFS,Test,Surrogate,SVC,Black,0.4984,0.9524,0.9854,0.985,0.9845,0.9908,0.9998,,,,,,,,,,
Adult Income,race,LGAFFS,Test,Surrogate,SVC,Other,0.2717,0.9338,0.8315,0.9839,0.9845,0.8314,1.0,,,,,,,,,,
Adult Income,race,LGAFFS,Test,Surrogate,SVC,White,0.9967,0.9997,0.862,0.9956,0.9957,0.8616,0.9999,,,,,,,,,,
Adult Income,race,LGAFFS,Test,Surrogate,GaussianNB,Amer-Indian-Eskimo,inf,0.7653,1.5833,1.186,0.8171,0.3636,1.0,"[7202, 15, 2301, 7]",0.7569,0.006,0.003,0.3182,0.0085,"[[0.0, 0.0020784259387557156, 1.0], [0.0, 0.0030329289428076256, 1.0], [inf, 1.0, 0.0]]",0.5005,0.003,0.9979
Adult Income,race,LGAFFS,Test,Surrogate,GaussianNB,Asian-Pac-Islander,0.0,0.9976,0.997,0.9978,0.9979,0.9969,0.9999,,,,,,,,,,
Adult Income,race,LGAFFS,Test,Surrogate,GaussianNB,Black,0.0,0.9975,0.997,0.9976,0.9977,0.9968,0.9999,,,,,,,,,,
Adult Income,race,LGAFFS,Test,Surrogate,GaussianNB,Other,0.0,0.9977,0.9971,0.9979,0.9979,0.997,0.9999,,,,,,,,,,
Adult Income,race,LGAFFS,Test,Surrogate,GaussianNB,White,0.0,0.984,0.9682,0.9868,0.987,0.9667,1.0,,,,,,,,,,
Adult Income,race,LGAFFS,Test,Surrogate,DecisionTreeClassifier,Amer-Indian-Eskimo,0.5294,0.8912,0.9403,0.9327,0.9357,0.9856,1.0,"[6318, 899, 1016, 1292]",0.799,0.5743,0.5598,0.5897,0.4431,"[[0.0, 0.12456699459609256, 1.0], [0.0, 0.5597920277296361, 1.0], [inf, 1.0, 0.0]]",0.7176,0.5598,0.8754
Adult Income,race,LGAFFS,Test,Surrogate,DecisionTreeClassifier,Asian-Pac-Islander,1.2431,0.9445,1.0938,1.0262,0.9763,0.9112,0.9999,,,,,,,,,,
Adult Income,race,LGAFFS,Test,Surrogate,DecisionTreeClassifier,Black,0.369,0.8456,0.9237,0.8991,0.8996,0.923,0.9999,,,,,,,,,,
Adult Income,race,LGAFFS,Test,Surrogate,DecisionTreeClassifier,Other,0.481,0.8801,0.6613,0.9739,0.9781,0.6611,0.9999,,,,,,,,,,
Adult Income,race,LGAFFS,Test,Surrogate,DecisionTreeClassifier,White,1.8276,0.8886,1.0211,1.0748,0.9248,0.9761,0.9998,,,,,,,,,,
Adult Income,race,LGAFFS,Test,Surrogate,RandomForestClassifier,Amer-Indian-Eskimo,0.7943,0.963,1.1156,0.9826,0.986,0.8312,1.0,"[6589, 628, 1227, 1081]",0.8052,0.5382,0.4684,0.6325,0.4259,"[[0.0, 0.0870167659692393, 1.0], [0.0, 0.46837088388214904, 1.0], [inf, 1.0, 0.0]]",0.6907,0.4684,0.913
Adult Income,race,LGAFFS,Test,Surrogate,RandomForestClassifier,Asian-Pac-Islander,1.6509,0.8855,1.2136,1.0648,0.9376,0.7903,0.9999,,,,,,,,,,
Adult Income,race,LGAFFS,Test,Surrogate,RandomForestClassifier,Black,0.5019,0.9062,1.0289,0.9465,0.9459,0.9715,0.9999,,,,,,,,,,
Adult Income,race,LGAFFS,Test,Surrogate,RandomForestClassifier,Other,0.411,0.8938,0.7529,0.969,0.9715,0.7529,1.0,,,,,,,,,,
Adult Income,race,LGAFFS,Test,Surrogate,RandomForestClassifier,White,1.349,0.9518,0.9003,1.0292,0.9706,0.9024,1.0,,,,,,,,,,
Adult Income,race,LGAFFS,Validation,Test,XGBClassifier,Amer-Indian-Eskimo,0.625,0.9196,0.7511,0.991,0.9957,0.7767,0.9998,"[3232, 376, 513, 641]",0.8133,0.5905,0.5555,0.6303,0.4718,"[[0.0, 0.10421286031042129, 1.0], [0.0, 0.5554592720970537, 1.0], [inf, 1.0, 0.0]]",0.7256,0.5555,0.8958
Adult Income,race,LGAFFS,Validation,Test,XGBClassifier,Asian-Pac-Islander,1.1288,0.9726,1.0411,1.0004,0.9994,0.9539,0.9997,,,,,,,,,,
Adult Income,race,LGAFFS,Validation,Test,XGBClassifier,Black,0.3275,0.8466,0.8185,0.9193,0.9196,0.8177,0.9997,,,,,,,,,,
Adult Income,race,LGAFFS,Validation,Test,XGBClassifier,Other,0.4438,0.8807,1.2455,0.8947,0.8948,0.7544,0.9998,,,,,,,,,,
Adult Income,race,LGAFFS,Validation,Test,XGBClassifier,White,1.9896,0.8856,1.0831,1.0663,0.9335,0.9181,0.9997,,,,,,,,,,
Adult Income,race,LGAFFS,Test,Test,XGBClassifier,Amer-Indian-Eskimo,0.5782,0.9107,0.9428,0.9577,0.9606,0.9883,1.0,"[6496, 721, 1022, 1286]",0.817,0.5961,0.5572,0.6408,0.4805,"[[0.0, 0.09990300678952474, 1.0], [0.0, 0.5571923743500866, 1.0], [inf, 1.0, 0.0]]",0.7286,0.5572,0.9001
Adult Income,race,LGAFFS,Test,Test,XGBClassifier,Asian-Pac-Islander,1.296,0.9382,1.1089,1.0235,0.9754,0.8954,0.9999,,,,,,,,,,
Adult Income,race,LGAFFS,Test,Test,XGBClassifier,Black,0.3801,0.8612,0.9447,0.9173,0.9174,0.9446,0.9997,,,,,,,,,,
Adult Income,race,LGAFFS,Test,Test,XGBClassifier,Other,0.233,0.8374,0.6638,0.9276,0.9288,0.6637,1.0,,,,,,,,,,
Adult Income,race,LGAFFS,Test,Test,XGBClassifier,White,1.8147,0.8989,1.0029,1.063,0.9367,0.9947,0.9999,,,,,,,,,,
Adult Income,race,LGAFFS,Validation,Surrogate,LogisticRegression,Amer-Indian-Eskimo,0.3663,0.8929,0.5471,0.9937,0.9974,0.547,0.9999,"[3328, 280, 634, 520]",0.8081,0.5322,0.4506,0.65,0.4275,"[[0.0, 0.07760532150776053, 1.0], [0.0, 0.4506065857885615, 1.0], [inf, 1.0, 0.0]]",0.6865,0.4506,0.9224
Adult Income,race,LGAFFS,Validation,Surrogate,LogisticRegression,Asian-Pac-Islander,1.3658,0.9392,1.1004,1.0277,0.972,0.897,0.9999,,,,,,,,,,
Adult Income,race,LGAFFS,Validation,Surrogate,LogisticRegression,Black,0.3462,0.8829,0.8737,0.941,0.941,0.8705,0.9999,,,,,,,,,,
Adult Income,race,LGAFFS,Validation,Surrogate,LogisticRegression,Other,0.7071,0.9507,1.1499,0.977,0.9793,0.85,0.9999,,,,,,,,,,
Adult Income,race,LGAFFS,Validation,Surrogate,LogisticRegression,White,1.7743,0.9218,1.0516,1.0385,0.9612,0.9505,0.9999,,,,,,,,,,
Adult Income,race,LGAFFS,Validation,Surrogate,SVC,Amer-Indian-Eskimo,0.3786,0.8984,0.834,0.9601,0.9614,0.8594,1.0,"[3380, 228, 608, 546]",0.8244,0.5664,0.4731,0.7054,0.4761,"[[0.0, 0.06319290465631928, 1.0], [0.0, 0.4731369150779896, 1.0], [inf, 1.0, 0.0]]",0.705,0.4731,0.9368
Adult Income,race,LGAFFS,Validation,Surrogate,SVC,Asian-Pac-Islander,1.5635,0.9099,1.1513,1.0425,0.9571,0.8427,0.9999,,,,,,,,,,
Adult Income,race,LGAFFS,Validation,Surrogate,SVC,Black,0.358,0.8888,0.8682,0.9545,0.9544,0.866,0.9999,,,,,,,,,,
Adult Income,race,LGAFFS,Validation,Surrogate,SVC,Other,0.4372,0.9081,1.1276,0.9362,0.9362,0.8726,1.0,,,,,,,,,,
Adult Income,race,LGAFFS,Validation,Surrogate,SVC,White,1.6855,0.9298,1.0124,1.0322,0.968,0.9881,1.0,,,,,,,,,,
Adult Income,race,LGAFFS,Validation,Surrogate,GaussianNB,Amer-Indian-Eskimo,0.5932,0.894,0.53,1.0111,0.9938,0.543,1.0,"[3089, 519, 437, 717]",0.7992,0.6,0.6213,0.5801,0.4667,"[[0.0, 0.1438470066518847, 1.0], [0.0, 0.621317157712305, 1.0], [inf, 1.0, 0.0]]",0.7387,0.6213,0.8562
Adult Income,race,LGAFFS,Validation,Surrogate,GaussianNB,Asian-Pac-Islander,1.1195,0.9691,1.0591,0.9971,0.999,0.9444,0.9999,,,,,,,,,,
Adult Income,race,LGAFFS,Validation,Surrogate,GaussianNB,Black,0.4331,0.8445,0.8679,0.915,0.9145,0.8631,1.0,,,,,,,,,,
Adult Income,race,LGAFFS,Validation,Surrogate,GaussianNB,Other,0.6861,0.9183,1.1796,0.9377,0.9413,0.8205,1.0,,,,,,,,,,
Adult Income,race,LGAFFS,Validation,Surrogate,GaussianNB,White,1.7166,0.8847,1.0718,1.0664,0.9337,0.9287,1.0,,,,,,,,,,
Adult Income,race,LGAFFS,Validation,Surrogate,DecisionTreeClassifier,Amer-Indian-Eskimo,0.3982,0.8753,0.7374,0.9574,0.9598,0.7627,0.9997,"[3284, 324, 497, 657]",0.8276,0.6155,0.5693,0.6697,0.5081,"[[0.0, 0.08980044345898004, 1.0], [0.0, 0.5693240901213171, 1.0], [inf, 1.0, 0.0]]",0.7398,0.5693,0.9102
Adult Income,race,LGAFFS,Validation,Surrogate,DecisionTreeClassifier,Asian-Pac-Islander,1.3557,0.9275,1.0517,1.0527,0.9453,0.9423,0.9995,,,,,,,,,,
Adult Income,race,LGAFFS,Validation,Surrogate,DecisionTreeClassifier,Black,0.3202,0.8503,0.7672,0.9354,0.9358,0.765,0.9997,,,,,,,,,,
Adult Income,race,LGAFFS,Validation,Surrogate,DecisionTreeClassifier,Other,0.5757,0.9123,1.2318,0.937,0.9382,0.7683,0.9997,,,,,,,,,,
Adult Income,race,LGAFFS,Validation,Surrogate,DecisionTreeClassifier,White,1.864,0.8977,1.1084,1.0432,0.9569,0.8925,0.9997,,,,,,,,,,
Adult Income,race,LGAFFS,Validation,Surrogate,RandomForestClassifier,Amer-Indian-Eskimo,0.3859,0.8687,0.7187,0.9546,0.957,0.7444,0.9999,"[3274, 334, 476, 678]",0.8299,0.626,0.5875,0.67,0.5184,"[[0.0, 0.09257206208425721, 1.0], [0.0, 0.587521663778163, 1.0], [inf, 1.0, 0.0]]",0.7475,0.5875,0.9074
Adult Income,race,LGAFFS,Validation,Surrogate,RandomForestClassifier,Asian-Pac-Islander,1.3779,0.9206,1.0942,1.0498,0.9482,0.9094,0.9997,,,,,,,,,,
Adult Income,race,LGAFFS,Validation,Surrogate,RandomForestClassifier,Black,0.3291,0.8477,0.7664,0.935,0.9355,0.7649,0.9999,,,,,,,,,,
Adult Income,race,LGAFFS,Validation,Surrogate,RandomForestClassifier,Other,0.4459,0.8817,1.2136,0.9066,0.9065,0.7866,0.9999,,,,,,,,,,
Adult Income,race,LGAFFS,Validation,Surrogate,RandomForestClassifier,White,1.8564,0.895,1.0983,1.0465,0.9536,0.9036,0.9999,,,,,,,,,,
Adult Income,race,LGAFFS,Test,Surrogate,LogisticRegression,Amer-Indian-Eskimo,0.2948,0.878,0.7106,0.9531,0.9547,0.7256,1.0,"[6630, 587, 1258, 1050]",0.8063,0.5323,0.4549,0.6414,0.4243,"[[0.0, 0.08133573506997367, 1.0], [0.0, 0.45493934142114384, 1.0], [inf, 1.0, 0.0]]",0.6868,0.4549,0.9187
Adult Income,race,LGAFFS,Test,Surrogate,LogisticRegression,Asian-Pac-Islander,1.2172,0.9629,1.0027,1.0333,0.966,0.9992,1.0,,,,,,,,,,
Adult Income,race,LGAFFS,Test,Surrogate,LogisticRegression,Black,0.3795,0.8867,0.8452,0.949,0.9495,0.8439,1.0,,,,,,,,,,
Adult Income,race,LGAFFS,Test,Surrogate,LogisticRegression,Other,0.1427,0.8516,0.655,0.9322,0.9327,0.6548,1.0,,,,,,,,,,
Adult Income,race,LGAFFS,Test,Surrogate,LogisticRegression,White,1.9483,0.9101,1.1157,1.038,0.9619,0.8819,0.9999,,,,,,,,,,
Adult Income,race,LGAFFS,Test,Surrogate,SVC,Amer-Indian-Eskimo,0.4465,0.9115,0.8623,0.9752,0.9769,0.8926,1.0,"[6788, 429, 1222, 1086]",0.8267,0.5681,0.4705,0.7168,0.4816,"[[0.0, 0.05944298184841347, 1.0], [0.0, 0.47053726169844023, 1.0], [inf, 1.0, 0.0]]",0.7055,0.4705,0.9406
Adult Income,race,LGAFFS,Test,Surrogate,SVC,Asian-Pac-Islander,1.6945,0.8918,1.1986,1.0558,0.9435,0.8057,1.0,,,,,,,,,,
Adult Income,race,LGAFFS,Test,Surrogate,SVC,Black,0.3662,0.8927,0.8471,0.9615,0.9614,0.8464,1.0,,,,,,,,,,
Adult Income,race,LGAFFS,Test,Surrogate,SVC,Other,0.1543,0.8646,0.6393,0.9543,0.9548,0.6392,1.0,,,,,,,,,,
Adult Income,race,LGAFFS,Test,Surrogate,SVC,White,1.6328,0.9347,1.0279,1.0217,0.9786,0.9696,1.0,,,,,,,,,,
Adult Income,race,LGAFFS,Test,Surrogate,GaussianNB,Amer-Indian-Eskimo,0.4674,0.8605,0.8006,0.9219,0.9253,0.8385,1.0,"[6156, 1061, 888, 1420]",0.7954,0.593,0.6153,0.5723,0.4571,"[[0.0, 0.1470139947346543, 1.0], [0.0, 0.6152512998266898, 1.0], [inf, 1.0, 0.0]]",0.7341,0.6153,0.853
Adult Income,race,LGAFFS,Test,Surrogate,GaussianNB,Asian-Pac-Islander,1.1722,0.9554,0.987,1.0452,0.9552,0.9921,1.0,,,,,,,,,,
Adult Income,race,LGAFFS,Test,Surrogate,GaussianNB,Black,0.471,0.8549,0.8476,0.9261,0.9266,0.8458,1.0,,,,,,,,,,
Adult Income,race,LGAFFS,Test,Surrogate,GaussianNB,Other,0.2829,0.8122,0.6054,0.9084,0.9109,0.6054,1.0,,,,,,,,,,
Adult Income,race,LGAFFS,Test,Surrogate,GaussianNB,White,1.704,0.8856,1.1164,1.0564,0.9434,0.8837,1.0,,,,,,,,,,
Adult Income,race,LGAFFS,Test,Surrogate,DecisionTreeClassifier,Amer-Indian-Eskimo,0.5774,0.9104,0.9183,0.9652,0.9681,0.9639,1.0,"[6549, 668, 966, 1342]",0.8285,0.6216,0.5815,0.6677,0.5134,"[[0.0, 0.09255923513925454, 1.0], [0.0, 0.5814558058925476, 1.0], [inf, 1.0, 0.0]]",0.7444,0.5815,0.9074
Adult Income,race,LGAFFS,Test,Surrogate,DecisionTreeClassifier,Asian-Pac-Islander,1.3598,0.9249,1.0715,1.0591,0.9433,0.9336,0.9999,,,,,,,,,,
Adult Income,race,LGAFFS,Test,Surrogate,DecisionTreeClassifier,Black,0.3939,0.8643,0.9012,0.9323,0.9327,0.9002,0.9999,,,,,,,,,,
Adult Income,race,LGAFFS,Test,Surrogate,DecisionTreeClassifier,Other,0.2327,0.8371,0.5278,0.9493,0.9511,0.5278,0.9999,,,,,,,,,,
Adult Income,race,LGAFFS,Test,Surrogate,DecisionTreeClassifier,White,1.7317,0.9051,1.0496,1.0435,0.9567,0.947,1.0,,,,,,,,,,
Adult Income,race,LGAFFS,Test,Surrogate,RandomForestClassifier,Amer-Indian-Eskimo,0.6138,0.9165,0.9921,0.9627,0.9656,0.9548,1.0,"[6531, 686, 943, 1365]",0.829,0.6263,0.5914,0.6655,0.5174,"[[0.0, 0.0950533462657614, 1.0], [0.0, 0.591421143847487, 1.0], [inf, 1.0, 0.0]]",0.7482,0.5914,0.9049
Adult Income,race,LGAFFS,Test,Surrogate,RandomForestClassifier,Asian-Pac-Islander,1.3963,0.9157,1.0987,1.0611,0.9409,0.9047,0.9999,,,,,,,,,,
Adult Income,race,LGAFFS,Test,Surrogate,RandomForestClassifier,Black,0.3954,0.8619,0.8908,0.9322,0.9327,0.8898,1.0,,,,,,,,,,
Adult Income,race,LGAFFS,Test,Surrogate,RandomForestClassifier,Other,0.1707,0.8202,0.5179,0.9325,0.9337,0.5178,1.0,,,,,,,,,,
Adult Income,race,LGAFFS,Test,Surrogate,RandomForestClassifier,White,1.7095,0.905,1.0406,1.0445,0.9559,0.9571,1.0,,,,,,,,,,
Adult Income,race,LGAFFS,Validation,Test,XGBClassifier,Amer-Indian-Eskimo,0.654,0.9291,0.7328,1.0094,0.9858,0.7584,1.0,"[3298, 310, 492, 662]",0.8316,0.6228,0.5737,0.6811,0.5185,"[[0.0, 0.08592017738359202, 1.0], [0.0, 0.5736568457538995, 1.0], [inf, 1.0, 0.0]]",0.7439,0.5737,0.9141
Adult Income,race,LGAFFS,Validation,Test,XGBClassifier,Asian-Pac-Islander,1.3017,0.939,1.0223,1.0472,0.9512,0.9727,0.9998,,,,,,,,,,
Adult Income,race,LGAFFS,Validation,Test,XGBClassifier,Black,0.3232,0.8524,0.7811,0.937,0.9374,0.7794,1.0,,,,,,,,,,
Adult Income,race,LGAFFS,Validation,Test,XGBClassifier,Other,0.4644,0.8902,1.2273,0.9132,0.9132,0.7727,1.0,,,,,,,,,,
Adult Income,race,LGAFFS,Validation,Test,XGBClassifier,White,1.8692,0.8983,1.1129,1.0405,0.9595,0.8877,1.0,,,,,,,,,,
Adult Income,race,LGAFFS,Test,Test,XGBClassifier,Amer-Indian-Eskimo,0.6319,0.9227,0.995,0.9701,0.973,0.9522,1.0,"[6584, 633, 949, 1359]",0.8339,0.6321,0.5888,0.6822,0.528,"[[0.0, 0.0877095746154912, 1.0], [0.0, 0.5888214904679376, 1.0], [inf, 1.0, 0.0]]",0.7506,0.5888,0.9123
Adult Income,race,LGAFFS,Test,Test,XGBClassifier,Asian-Pac-Islander,1.306,0.9366,1.0638,1.0408,0.9579,0.9412,1.0,,,,,,,,,,
Adult Income,race,LGAFFS,Test,Test,XGBClassifier,Black,0.3878,0.8641,0.9203,0.9309,0.9311,0.9209,0.9999,,,,,,,,,,
Adult Income,race,LGAFFS,Test,Test,XGBClassifier,Other,0.2348,0.839,0.6319,0.94,0.9411,0.6319,1.0,,,,,,,,,,
Adult Income,race,LGAFFS,Test,Test,XGBClassifier,White,1.7678,0.9031,1.0328,1.0476,0.9522,0.9651,0.9999,,,,,,,,,,
Adult Income,race,LGAFFS,Validation,Surrogate,LogisticRegression,Amer-Indian-Eskimo,0.3663,0.8929,0.5471,0.9937,0.9974,0.547,0.9999,"[3328, 280, 634, 520]",0.8081,0.5322,0.4506,0.65,0.4275,"[[0.0, 0.07760532150776053, 1.0], [0.0, 0.4506065857885615, 1.0], [inf, 1.0, 0.0]]",0.6865,0.4506,0.9224
Adult Income,race,LGAFFS,Validation,Surrogate,LogisticRegression,Asian-Pac-Islander,1.3658,0.9392,1.1004,1.0277,0.972,0.897,0.9999,,,,,,,,,,
Adult Income,race,LGAFFS,Validation,Surrogate,LogisticRegression,Black,0.3462,0.8829,0.8737,0.941,0.941,0.8705,0.9999,,,,,,,,,,
Adult Income,race,LGAFFS,Validation,Surrogate,LogisticRegression,Other,0.7071,0.9507,1.1499,0.977,0.9793,0.85,0.9999,,,,,,,,,,
Adult Income,race,LGAFFS,Validation,Surrogate,LogisticRegression,White,1.7743,0.9218,1.0516,1.0385,0.9612,0.9505,0.9999,,,,,,,,,,
Adult Income,race,LGAFFS,Validation,Surrogate,SVC,Amer-Indian-Eskimo,0.3777,0.898,0.8349,0.9593,0.9605,0.8603,1.0,"[3377, 231, 609, 545]",0.8236,0.5648,0.4723,0.7023,0.4737,"[[0.0, 0.06402439024390244, 1.0], [0.0, 0.47227036395147315, 1.0], [inf, 1.0, 0.0]]",0.7041,0.4723,0.936
Adult Income,race,LGAFFS,Validation,Surrogate,SVC,Asian-Pac-Islander,1.496,0.9204,1.1275,1.0417,0.958,0.8677,0.9999,,,,,,,,,,
Adult Income,race,LGAFFS,Validation,Surrogate,SVC,Black,0.3571,0.8884,0.869,0.9536,0.9534,0.8669,0.9999,,,,,,,,,,
Adult Income,race,LGAFFS,Validation,Surrogate,SVC,Other,0.4362,0.9077,1.1284,0.9354,0.9353,0.8717,1.0,,,,,,,,,,
Adult Income,race,LGAFFS,Validation,Surrogate,SVC,White,1.7168,0.9276,1.0214,1.0331,0.967,0.9786,1.0,,,,,,,,,,
Adult Income,race,LGAFFS,Validation,Surrogate,GaussianNB,Amer-Indian-Eskimo,0.5932,0.894,0.53,1.0111,0.9938,0.543,1.0,"[3089, 519, 437, 717]",0.7992,0.6,0.6213,0.5801,0.4667,"[[0.0, 0.1438470066518847, 1.0], [0.0, 0.621317157712305, 1.0], [inf, 1.0, 0.0]]",0.7387,0.6213,0.8562
Adult Income,race,LGAFFS,Validation,Surrogate,GaussianNB,Asian-Pac-Islander,1.1195,0.9691,1.0591,0.9971,0.999,0.9444,0.9999,,,,,,,,,,
Adult Income,race,LGAFFS,Validation,Surrogate,GaussianNB,Black,0.4331,0.8445,0.8679,0.915,0.9145,0.8631,1.0,,,,,,,,,,
Adult Income,race,LGAFFS,Validation,Surrogate,GaussianNB,Other,0.6861,0.9183,1.1796,0.9377,0.9413,0.8205,1.0,,,,,,,,,,
Adult Income,race,LGAFFS,Validation,Surrogate,GaussianNB,White,1.7166,0.8847,1.0718,1.0664,0.9337,0.9287,1.0,,,,,,,,,,
Adult Income,race,LGAFFS,Validation,Surrogate,DecisionTreeClassifier,Amer-Indian-Eskimo,0.3982,0.8753,0.7374,0.9574,0.9598,0.7627,0.9997,"[3284, 324, 497, 657]",0.8276,0.6155,0.5693,0.6697,0.5081,"[[0.0, 0.08980044345898004, 1.0], [0.0, 0.5693240901213171, 1.0], [inf, 1.0, 0.0]]",0.7398,0.5693,0.9102
Adult Income,race,LGAFFS,Validation,Surrogate,DecisionTreeClassifier,Asian-Pac-Islander,1.3557,0.9275,1.0517,1.0527,0.9453,0.9423,0.9995,,,,,,,,,,
Adult Income,race,LGAFFS,Validation,Surrogate,DecisionTreeClassifier,Black,0.3202,0.8503,0.7672,0.9354,0.9358,0.765,0.9997,,,,,,,,,,
Adult Income,race,LGAFFS,Validation,Surrogate,DecisionTreeClassifier,Other,0.5757,0.9123,1.2318,0.937,0.9382,0.7683,0.9997,,,,,,,,,,
Adult Income,race,LGAFFS,Validation,Surrogate,DecisionTreeClassifier,White,1.864,0.8977,1.1084,1.0432,0.9569,0.8925,0.9997,,,,,,,,,,
Adult Income,race,LGAFFS,Validation,Surrogate,RandomForestClassifier,Amer-Indian-Eskimo,0.4866,0.8912,0.725,0.9789,0.9825,0.7505,0.9999,"[3275, 333, 483, 671]",0.8286,0.6219,0.5815,0.6683,0.5139,"[[0.0, 0.0922949002217295, 1.0], [0.0, 0.5814558058925476, 1.0], [inf, 1.0, 0.0]]",0.7446,0.5815,0.9077
Adult Income,race,LGAFFS,Validation,Surrogate,RandomForestClassifier,Asian-Pac-Islander,1.3898,0.9188,1.1006,1.0501,0.9479,0.9031,0.9998,,,,,,,,,,
Adult Income,race,LGAFFS,Validation,Surrogate,RandomForestClassifier,Black,0.3222,0.8473,0.7729,0.9326,0.933,0.7712,0.9999,,,,,,,,,,
Adult Income,race,LGAFFS,Validation,Surrogate,RandomForestClassifier,Other,0.4495,0.8834,1.2194,0.9068,0.9068,0.7805,0.9999,,,,,,,,,,
Adult Income,race,LGAFFS,Validation,Surrogate,RandomForestClassifier,White,1.8401,0.897,1.0919,1.0461,0.9539,0.9103,0.9999,,,,,,,,,,
Adult Income,race,LGAFFS,Test,Surrogate,LogisticRegression,Amer-Indian-Eskimo,0.2948,0.878,0.7106,0.9531,0.9547,0.7256,1.0,"[6630, 587, 1258, 1050]",0.8063,0.5323,0.4549,0.6414,0.4243,"[[0.0, 0.08133573506997367, 1.0], [0.0, 0.45493934142114384, 1.0], [inf, 1.0, 0.0]]",0.6868,0.4549,0.9187
Adult Income,race,LGAFFS,Test,Surrogate,LogisticRegression,Asian-Pac-Islander,1.2172,0.9629,1.0027,1.0333,0.966,0.9992,1.0,,,,,,,,,,
Adult Income,race,LGAFFS,Test,Surrogate,LogisticRegression,Black,0.3795,0.8867,0.8452,0.949,0.9495,0.8439,1.0,,,,,,,,,,
Adult Income,race,LGAFFS,Test,Surrogate,LogisticRegression,Other,0.1427,0.8516,0.655,0.9322,0.9327,0.6548,1.0,,,,,,,,,,
Adult Income,race,LGAFFS,Test,Surrogate,LogisticRegression,White,1.9483,0.9101,1.1157,1.038,0.9619,0.8819,0.9999,,,,,,,,,,
Adult Income,race,LGAFFS,Test,Surrogate,SVC,Amer-Indian-Eskimo,0.4471,0.9117,0.8636,0.9751,0.9768,0.8939,1.0,"[6787, 430, 1225, 1083]",0.8262,0.5669,0.4692,0.7158,0.4802,"[[0.0, 0.05958154357766385, 1.0], [0.0, 0.4692374350086655, 1.0], [inf, 1.0, 0.0]]",0.7048,0.4692,0.9404
Adult Income,race,LGAFFS,Test,Surrogate,SVC,Asian-Pac-Islander,1.6744,0.895,1.1878,1.0557,0.9436,0.8174,1.0,,,,,,,,,,
Adult Income,race,LGAFFS,Test,Surrogate,SVC,Black,0.3599,0.8917,0.8394,0.9613,0.9612,0.8383,1.0,,,,,,,,,,
Adult Income,race,LGAFFS,Test,Surrogate,SVC,Other,0.1545,0.8648,0.6405,0.9541,0.9547,0.6405,1.0,,,,,,,,,,
Adult Income,race,LGAFFS,Test,Surrogate,SVC,White,1.6552,0.9333,1.0361,1.0218,0.9785,0.9605,1.0,,,,,,,,,,
Adult Income,race,LGAFFS,Test,Surrogate,GaussianNB,Amer-Indian-Eskimo,0.4674,0.8605,0.8006,0.9219,0.9253,0.8385,1.0,"[6156, 1061, 888, 1420]",0.7954,0.593,0.6153,0.5723,0.4571,"[[0.0, 0.1470139947346543, 1.0], [0.0, 0.6152512998266898, 1.0], [inf, 1.0, 0.0]]",0.7341,0.6153,0.853
Adult Income,race,LGAFFS,Test,Surrogate,GaussianNB,Asian-Pac-Islander,1.1722,0.9554,0.987,1.0452,0.9552,0.9921,1.0,,,,,,,,,,
Adult Income,race,LGAFFS,Test,Surrogate,GaussianNB,Black,0.471,0.8549,0.8476,0.9261,0.9266,0.8458,1.0,,,,,,,,,,
Adult Income,race,LGAFFS,Test,Surrogate,GaussianNB,Other,0.2829,0.8122,0.6054,0.9084,0.9109,0.6054,1.0,,,,,,,,,,
Adult Income,race,LGAFFS,Test,Surrogate,GaussianNB,White,1.704,0.8856,1.1164,1.0564,0.9434,0.8837,1.0,,,,,,,,,,
Adult Income,race,LGAFFS,Test,Surrogate,DecisionTreeClassifier,Amer-Indian-Eskimo,0.5774,0.9104,0.9183,0.9652,0.9681,0.9639,1.0,"[6549, 668, 966, 1342]",0.8285,0.6216,0.5815,0.6677,0.5134,"[[0.0, 0.09255923513925454, 1.0], [0.0, 0.5814558058925476, 1.0], [inf, 1.0, 0.0]]",0.7444,0.5815,0.9074
Adult Income,race,LGAFFS,Test,Surrogate,DecisionTreeClassifier,Asian-Pac-Islander,1.3598,0.9249,1.0715,1.0591,0.9433,0.9336,0.9999,,,,,,,,,,
Adult Income,race,LGAFFS,Test,Surrogate,DecisionTreeClassifier,Black,0.3939,0.8643,0.9012,0.9323,0.9327,0.9002,0.9999,,,,,,,,,,
Adult Income,race,LGAFFS,Test,Surrogate,DecisionTreeClassifier,Other,0.2327,0.8371,0.5278,0.9493,0.9511,0.5278,0.9999,,,,,,,,,,
Adult Income,race,LGAFFS,Test,Surrogate,DecisionTreeClassifier,White,1.7317,0.9051,1.0496,1.0435,0.9567,0.947,1.0,,,,,,,,,,
Adult Income,race,LGAFFS,Test,Surrogate,RandomForestClassifier,Amer-Indian-Eskimo,0.6561,0.9251,0.9896,0.973,0.9764,0.9574,1.0,"[6520, 697, 937, 1371]",0.8285,0.6266,0.594,0.663,0.517,"[[0.0, 0.09657752528751559, 1.0], [0.0, 0.5940207972270364, 1.0], [inf, 1.0, 0.0]]",0.7487,0.594,0.9034
Adult Income,race,LGAFFS,Test,Surrogate,RandomForestClassifier,Asian-Pac-Islander,1.384,0.9176,1.1082,1.055,0.9474,0.8942,0.9999,,,,,,,,,,
Adult Income,race,LGAFFS,Test,Surrogate,RandomForestClassifier,Black,0.3919,0.8599,0.8967,0.9292,0.9296,0.8965,0.9999,,,,,,,,,,
Adult Income,race,LGAFFS,Test,Surrogate,RandomForestClassifier,Other,0.1693,0.8184,0.5154,0.9309,0.9322,0.5152,1.0,,,,,,,,,,
Adult Income,race,LGAFFS,Test,Surrogate,RandomForestClassifier,White,1.7155,0.9037,1.0333,1.0472,0.953,0.9647,1.0,,,,,,,,,,
Adult Income,race,LGAFFS,Validation,Test,XGBClassifier,Amer-Indian-Eskimo,0.654,0.9291,0.7328,1.0094,0.9858,0.7584,1.0,"[3298, 310, 492, 662]",0.8316,0.6228,0.5737,0.6811,0.5185,"[[0.0, 0.08592017738359202, 1.0], [0.0, 0.5736568457538995, 1.0], [inf, 1.0, 0.0]]",0.7439,0.5737,0.9141
Adult Income,race,LGAFFS,Validation,Test,XGBClassifier,Asian-Pac-Islander,1.3017,0.939,1.0223,1.0472,0.9512,0.9727,0.9998,,,,,,,,,,
Adult Income,race,LGAFFS,Validation,Test,XGBClassifier,Black,0.3232,0.8524,0.7811,0.937,0.9374,0.7794,1.0,,,,,,,,,,
Adult Income,race,LGAFFS,Validation,Test,XGBClassifier,Other,0.4644,0.8902,1.2273,0.9132,0.9132,0.7727,1.0,,,,,,,,,,
Adult Income,race,LGAFFS,Validation,Test,XGBClassifier,White,1.8692,0.8983,1.1129,1.0405,0.9595,0.8877,1.0,,,,,,,,,,
Adult Income,race,LGAFFS,Test,Test,XGBClassifier,Amer-Indian-Eskimo,0.6319,0.9227,0.995,0.9701,0.973,0.9522,1.0,"[6584, 633, 949, 1359]",0.8339,0.6321,0.5888,0.6822,0.528,"[[0.0, 0.0877095746154912, 1.0], [0.0, 0.5888214904679376, 1.0], [inf, 1.0, 0.0]]",0.7506,0.5888,0.9123
Adult Income,race,LGAFFS,Test,Test,XGBClassifier,Asian-Pac-Islander,1.306,0.9366,1.0638,1.0408,0.9579,0.9412,1.0,,,,,,,,,,
Adult Income,race,LGAFFS,Test,Test,XGBClassifier,Black,0.3878,0.8641,0.9203,0.9309,0.9311,0.9209,0.9999,,,,,,,,,,
Adult Income,race,LGAFFS,Test,Test,XGBClassifier,Other,0.2348,0.839,0.6319,0.94,0.9411,0.6319,1.0,,,,,,,,,,
Adult Income,race,LGAFFS,Test,Test,XGBClassifier,White,1.7678,0.9031,1.0328,1.0476,0.9522,0.9651,0.9999,,,,,,,,,,
Adult Income,race,LGAFFS,Validation,Surrogate,LogisticRegression,Amer-Indian-Eskimo,0.5397,0.9472,0.669,1.0263,0.9701,0.669,0.9998,"[3444, 164, 774, 380]",0.803,0.4476,0.3293,0.6985,0.3823,"[[0.0, 0.045454545454545456, 1.0], [0.0, 0.3292894280762565, 1.0], [inf, 1.0, 0.0]]",0.6419,0.3293,0.9545
Adult Income,race,LGAFFS,Validation,Surrogate,LogisticRegression,Asian-Pac-Islander,1.9874,0.8905,1.2261,1.0516,0.9488,0.7714,0.9998,,,,,,,,,,
Adult Income,race,LGAFFS,Validation,Surrogate,LogisticRegression,Black,0.4177,0.9296,0.9828,0.9663,0.9659,0.9788,0.9998,,,,,,,,,,
Adult Income,race,LGAFFS,Validation,Surrogate,LogisticRegression,Other,0.8322,0.9808,1.0709,1.0095,0.9882,0.929,0.9999,,,,,,,,,,
Adult Income,race,LGAFFS,Validation,Surrogate,LogisticRegression,White,1.3061,0.9723,0.9378,1.0109,0.9891,0.9367,0.9999,,,,,,,,,,
Adult Income,race,LGAFFS,Validation,Surrogate,SVC,Amer-Indian-Eskimo,0.5103,0.9406,0.9332,0.984,0.9852,0.9587,1.0,"[3465, 143, 722, 432]",0.8184,0.4997,0.3744,0.7513,0.4402,"[[0.0, 0.039634146341463415, 1.0], [0.0, 0.37435008665511266, 1.0], [inf, 1.0, 0.0]]",0.6674,0.3744,0.9604
Adult Income,race,LGAFFS,Validation,Surrogate,SVC,Asian-Pac-Islander,1.9336,0.8904,1.2288,1.0482,0.9526,0.7662,0.9999,,,,,,,,,,
Adult Income,race,LGAFFS,Validation,Surrogate,SVC,Black,0.3942,0.9224,0.917,0.9755,0.9752,0.9124,0.9999,,,,,,,,,,
Adult Income,race,LGAFFS,Validation,Surrogate,SVC,Other,0.5896,0.9503,1.2266,0.96,0.96,0.7734,1.0,,,,,,,,,,
Adult Income,race,LGAFFS,Validation,Surrogate,SVC,White,1.3901,0.9647,0.9479,1.0119,0.9878,0.9448,0.9997,,,,,,,,,,
Adult Income,race,LGAFFS,Validation,Surrogate,GaussianNB,Amer-Indian-Eskimo,inf,0.8041,1.3077,1.1786,0.825,0.6667,0.9999,"[3601, 7, 1152, 2]",0.7566,0.0034,0.0017,0.2222,-0.002,"[[0.0, 0.0019401330376940134, 1.0], [0.0, 0.0017331022530329288, 1.0], [inf, 1.0, 0.0]]",0.4999,0.0017,0.9981
Adult Income,race,LGAFFS,Validation,Surrogate,GaussianNB,Asian-Pac-Islander,0.0,0.998,0.9983,0.998,0.998,0.9982,0.9995,,,,,,,,,,
Adult Income,race,LGAFFS,Validation,Surrogate,GaussianNB,Black,0.0,0.9979,0.9983,0.9978,0.9978,0.9982,0.9996,,,,,,,,,,
Adult Income,race,LGAFFS,Validation,Surrogate,GaussianNB,Other,0.0,0.9981,0.9983,0.998,0.998,0.9983,0.9995,,,,,,,,,,
Adult Income,race,LGAFFS,Validation,Surrogate,GaussianNB,White,0.0,0.9868,0.9821,0.9876,0.9879,0.9811,0.9997,,,,,,,,,,
Adult Income,race,LGAFFS,Validation,Surrogate,DecisionTreeClassifier,Amer-Indian-Eskimo,0.4472,0.898,0.8469,0.952,0.9544,0.8725,0.9999,"[3265, 343, 623, 531]",0.7971,0.5237,0.4601,0.6076,0.4041,"[[0.0, 0.09506651884700665, 1.0], [0.0, 0.46013864818024264, 1.0], [inf, 1.0, 0.0]]",0.6825,0.4601,0.9049
Adult Income,race,LGAFFS,Validation,Surrogate,DecisionTreeClassifier,Asian-Pac-Islander,1.5682,0.8975,1.1645,1.0611,0.9409,0.8292,0.9997,,,,,,,,,,
Adult Income,race,LGAFFS,Validation,Surrogate,DecisionTreeClassifier,Black,0.3608,0.8751,0.882,0.9295,0.9299,0.8796,0.9999,,,,,,,,,,
Adult Income,race,LGAFFS,Validation,Surrogate,DecisionTreeClassifier,Other,0.5168,0.911,0.9396,0.9594,0.9617,0.9396,0.9998,,,,,,,,,,
Adult Income,race,LGAFFS,Validation,Surrogate,DecisionTreeClassifier,White,1.6419,0.924,1.0078,1.0455,0.9548,0.9919,0.9998,,,,,,,,,,
Adult Income,race,LGAFFS,Validation,Surrogate,RandomForestClassifier,Amer-Indian-Eskimo,0.475,0.9088,0.8332,0.9709,0.9732,0.8586,0.9999,"[3332, 276, 607, 547]",0.8146,0.5534,0.474,0.6646,0.4505,"[[0.0, 0.07649667405764966, 1.0], [0.0, 0.47400346620450606, 1.0], [inf, 1.0, 0.0]]",0.6988,0.474,0.9235
Adult Income,race,LGAFFS,Validation,Surrogate,RandomForestClassifier,Asian-Pac-Islander,1.671,0.8864,1.1504,1.0803,0.9218,0.8436,0.9997,,,,,,,,,,
Adult Income,race,LGAFFS,Validation,Surrogate,RandomForestClassifier,Black,0.384,0.8869,0.8856,0.9477,0.948,0.8841,0.9999,,,,,,,,,,
Adult Income,race,LGAFFS,Validation,Surrogate,RandomForestClassifier,Other,0.2737,0.8737,0.9259,0.9227,0.9228,0.9257,0.9999,,,,,,,,,,
Adult Income,race,LGAFFS,Validation,Surrogate,RandomForestClassifier,White,1.5779,0.9332,1.0133,1.0294,0.9707,0.9871,0.9997,,,,,,,,,,
Adult Income,race,LGAFFS,Test,Surrogate,LogisticRegression,Amer-Indian-Eskimo,0.4497,0.9376,0.8446,0.9887,0.9903,0.8596,1.0,"[6884, 333, 1566, 742]",0.8006,0.4387,0.3215,0.6902,0.3729,"[[0.0, 0.046141055840376886, 1.0], [0.0, 0.3214904679376083, 1.0], [inf, 1.0, 0.0]]",0.6377,0.3215,0.9539
Adult Income,race,LGAFFS,Test,Surrogate,LogisticRegression,Asian-Pac-Islander,1.8283,0.9088,1.1287,1.0649,0.9347,0.8742,1.0,,,,,,,,,,
Adult Income,race,LGAFFS,Test,Surrogate,LogisticRegression,Black,0.3853,0.9263,0.9228,0.9682,0.9679,0.9273,1.0,,,,,,,,,,
Adult Income,race,LGAFFS,Test,Surrogate,LogisticRegression,Other,0.0,0.8862,0.6773,0.9534,0.9534,0.6773,1.0,,,,,,,,,,
Adult Income,race,LGAFFS,Test,Surrogate,LogisticRegression,White,1.5489,0.9579,1.0136,1.0138,0.9863,0.9868,0.9999,,,,,,,,,,
Adult Income,race,LGAFFS,Test,Surrogate,SVC,Amer-Indian-Eskimo,0.5891,0.9502,0.9598,0.995,0.9967,0.9901,0.9999,"[6929, 288, 1446, 862]",0.818,0.4986,0.3735,0.7496,0.4387,"[[0.0, 0.03990577802410974, 1.0], [0.0, 0.3734835355285962, 1.0], [inf, 1.0, 0.0]]",0.6668,0.3735,0.9601
Adult Income,race,LGAFFS,Test,Surrogate,SVC,Asian-Pac-Islander,2.1792,0.8625,1.2624,1.0713,0.9283,0.7314,0.9999,,,,,,,,,,
Adult Income,race,LGAFFS,Test,Surrogate,SVC,Black,0.3684,0.9189,0.8866,0.9738,0.9735,0.8916,0.9998,,,,,,,,,,
Adult Income,race,LGAFFS,Test,Surrogate,SVC,Other,0.2033,0.9032,0.7366,0.974,0.9746,0.7366,0.9999,,,,,,,,,,
Adult Income,race,LGAFFS,Test,Surrogate,SVC,White,1.3742,0.9658,0.9659,1.0063,0.9937,0.9656,0.9999,,,,,,,,,,
Adult Income,race,LGAFFS,Test,Surrogate,GaussianNB,Amer-Indian-Eskimo,inf,0.7653,1.5833,1.186,0.8171,0.3636,1.0,"[7202, 15, 2301, 7]",0.7569,0.006,0.003,0.3182,0.0085,"[[0.0, 0.0020784259387557156, 1.0], [0.0, 0.0030329289428076256, 1.0], [inf, 1.0, 0.0]]",0.5005,0.003,0.9979
Adult Income,race,LGAFFS,Test,Surrogate,GaussianNB,Asian-Pac-Islander,0.0,0.9976,0.997,0.9978,0.9979,0.9969,0.9999,,,,,,,,,,
Adult Income,race,LGAFFS,Test,Surrogate,GaussianNB,Black,0.0,0.9975,0.997,0.9976,0.9977,0.9968,0.9999,,,,,,,,,,
Adult Income,race,LGAFFS,Test,Surrogate,GaussianNB,Other,0.0,0.9977,0.9971,0.9979,0.9979,0.997,0.9999,,,,,,,,,,
Adult Income,race,LGAFFS,Test,Surrogate,GaussianNB,White,0.0,0.984,0.9682,0.9868,0.987,0.9667,1.0,,,,,,,,,,
Adult Income,race,LGAFFS,Test,Surrogate,DecisionTreeClassifier,Amer-Indian-Eskimo,0.6652,0.9384,1.0394,0.9632,0.9661,0.9151,1.0,"[6535, 682, 1244, 1064]",0.7978,0.5249,0.461,0.6094,0.4059,"[[0.0, 0.09449909934875987, 1.0], [0.0, 0.4610051993067591, 1.0], [inf, 1.0, 0.0]]",0.6833,0.461,0.9055
Adult Income,race,LGAFFS,Test,Surrogate,DecisionTreeClassifier,Asian-Pac-Islander,1.5749,0.8964,1.1959,1.0572,0.9453,0.8089,0.9999,,,,,,,,,,
Adult Income,race,LGAFFS,Test,Surrogate,DecisionTreeClassifier,Black,0.4563,0.8949,1.0187,0.9314,0.9319,0.9827,1.0,,,,,,,,,,
Adult Income,race,LGAFFS,Test,Surrogate,DecisionTreeClassifier,Other,0.4023,0.8899,0.6488,0.9757,0.9788,0.6487,1.0,,,,,,,,,,
Adult Income,race,LGAFFS,Test,Surrogate,DecisionTreeClassifier,White,1.4645,0.9391,0.9226,1.0429,0.9575,0.9256,0.9999,,,,,,,,,,
Adult Income,race,LGAFFS,Test,Surrogate,RandomForestClassifier,Amer-Indian-Eskimo,0.8811,0.9821,1.09,1.0028,0.9938,0.8646,1.0,"[6733, 484, 1360, 948]",0.8064,0.507,0.4107,0.662,0.412,"[[0.0, 0.06706387695718442, 1.0], [0.0, 0.41074523396880414, 1.0], [inf, 1.0, 0.0]]",0.6718,0.4107,0.9329
Adult Income,race,LGAFFS,Test,Surrogate,RandomForestClassifier,Asian-Pac-Islander,2.0144,0.8521,1.273,1.0899,0.9121,0.7306,1.0,,,,,,,,,,
Adult Income,race,LGAFFS,Test,Surrogate,RandomForestClassifier,Black,0.584,0.9349,1.0891,0.9636,0.9642,0.911,0.9999,,,,,,,,,,
Adult Income,race,LGAFFS,Test,Surrogate,RandomForestClassifier,Other,0.3269,0.8983,0.8108,0.9608,0.962,0.8107,1.0,,,,,,,,,,
Adult Income,race,LGAFFS,Test,Surrogate,RandomForestClassifier,White,1.136,0.9817,0.8418,1.0102,0.9902,0.8442,1.0,,,,,,,,,,
Adult Income,race,LGAFFS,Validation,Test,XGBClassifier,Amer-Indian-Eskimo,0.5189,0.9044,0.7789,0.9789,0.9825,0.8046,1.0,"[3275, 333, 545, 609]",0.8156,0.5811,0.5277,0.6465,0.4684,"[[0.0, 0.0922949002217295, 1.0], [0.0, 0.5277296360485269, 1.0], [inf, 1.0, 0.0]]",0.7177,0.5277,0.9077
Adult Income,race,LGAFFS,Validation,Test,XGBClassifier,Asian-Pac-Islander,1.2736,0.9463,1.0702,1.022,0.9773,0.9251,1.0,,,,,,,,,,
Adult Income,race,LGAFFS,Validation,Test,XGBClassifier,Black,0.3648,0.8663,0.8475,0.9353,0.9358,0.8468,0.9999,,,,,,,,,,
Adult Income,race,LGAFFS,Validation,Test,XGBClassifier,Other,0.4791,0.8965,1.2737,0.9068,0.9068,0.7265,1.0,,,,,,,,,,
Adult Income,race,LGAFFS,Validation,Test,XGBClassifier,White,1.806,0.9057,1.0527,1.0501,0.9499,0.9487,1.0,,,,,,,,,,
Adult Income,race,LGAFFS,Test,Test,XGBClassifier,Amer-Indian-Eskimo,0.6235,0.9261,0.9693,0.9693,0.9723,0.9852,1.0,"[6579, 638, 1083, 1225]",0.8193,0.5874,0.5308,0.6575,0.4779,"[[0.0, 0.0884023832617431, 1.0], [0.0, 0.5307625649913345, 1.0], [inf, 1.0, 0.0]]",0.7212,0.5308,0.9116
Adult Income,race,LGAFFS,Test,Test,XGBClassifier,Asian-Pac-Islander,1.3999,0.9227,1.1366,1.0353,0.9635,0.868,0.9999,,,,,,,,,,
Adult Income,race,LGAFFS,Test,Test,XGBClassifier,Black,0.4369,0.8836,0.9814,0.9356,0.9359,0.9819,0.9998,,,,,,,,,,
Adult Income,race,LGAFFS,Test,Test,XGBClassifier,Other,0.251,0.8526,0.6903,0.9392,0.9404,0.6902,1.0,,,,,,,,,,
Adult Income,race,LGAFFS,Test,Test,XGBClassifier,White,1.6126,0.9214,0.9688,1.0455,0.9545,0.971,0.9999,,,,,,,,,,
Adult Income,race,LGAFFS,Validation,Surrogate,LogisticRegression,Amer-Indian-Eskimo,0.3663,0.8929,0.5471,0.9937,0.9974,0.547,0.9999,"[3328, 280, 634, 520]",0.8081,0.5322,0.4506,0.65,0.4275,"[[0.0, 0.07760532150776053, 1.0], [0.0, 0.4506065857885615, 1.0], [inf, 1.0, 0.0]]",0.6865,0.4506,0.9224
Adult Income,race,LGAFFS,Validation,Surrogate,LogisticRegression,Asian-Pac-Islander,1.3658,0.9392,1.1004,1.0277,0.972,0.897,0.9999,,,,,,,,,,
Adult Income,race,LGAFFS,Validation,Surrogate,LogisticRegression,Black,0.3462,0.8829,0.8737,0.941,0.941,0.8705,0.9999,,,,,,,,,,
Adult Income,race,LGAFFS,Validation,Surrogate,LogisticRegression,Other,0.7071,0.9507,1.1499,0.977,0.9793,0.85,0.9999,,,,,,,,,,
Adult Income,race,LGAFFS,Validation,Surrogate,LogisticRegression,White,1.7743,0.9218,1.0516,1.0385,0.9612,0.9505,0.9999,,,,,,,,,,
Adult Income,race,LGAFFS,Validation,Surrogate,SVC,Amer-Indian-Eskimo,0.3777,0.898,0.8349,0.9593,0.9605,0.8603,1.0,"[3377, 231, 609, 545]",0.8236,0.5648,0.4723,0.7023,0.4737,"[[0.0, 0.06402439024390244, 1.0], [0.0, 0.47227036395147315, 1.0], [inf, 1.0, 0.0]]",0.7041,0.4723,0.936
Adult Income,race,LGAFFS,Validation,Surrogate,SVC,Asian-Pac-Islander,1.496,0.9204,1.1275,1.0417,0.958,0.8677,0.9999,,,,,,,,,,
Adult Income,race,LGAFFS,Validation,Surrogate,SVC,Black,0.3571,0.8884,0.869,0.9536,0.9534,0.8669,0.9999,,,,,,,,,,
Adult Income,race,LGAFFS,Validation,Surrogate,SVC,Other,0.4362,0.9077,1.1284,0.9354,0.9353,0.8717,1.0,,,,,,,,,,
Adult Income,race,LGAFFS,Validation,Surrogate,SVC,White,1.7168,0.9276,1.0214,1.0331,0.967,0.9786,1.0,,,,,,,,,,
Adult Income,race,LGAFFS,Validation,Surrogate,GaussianNB,Amer-Indian-Eskimo,0.5932,0.894,0.53,1.0111,0.9938,0.543,1.0,"[3089, 519, 437, 717]",0.7992,0.6,0.6213,0.5801,0.4667,"[[0.0, 0.1438470066518847, 1.0], [0.0, 0.621317157712305, 1.0], [inf, 1.0, 0.0]]",0.7387,0.6213,0.8562
Adult Income,race,LGAFFS,Validation,Surrogate,GaussianNB,Asian-Pac-Islander,1.1195,0.9691,1.0591,0.9971,0.999,0.9444,0.9999,,,,,,,,,,
Adult Income,race,LGAFFS,Validation,Surrogate,GaussianNB,Black,0.4331,0.8445,0.8679,0.915,0.9145,0.8631,1.0,,,,,,,,,,
Adult Income,race,LGAFFS,Validation,Surrogate,GaussianNB,Other,0.6861,0.9183,1.1796,0.9377,0.9413,0.8205,1.0,,,,,,,,,,
Adult Income,race,LGAFFS,Validation,Surrogate,GaussianNB,White,1.7166,0.8847,1.0718,1.0664,0.9337,0.9287,1.0,,,,,,,,,,
Adult Income,race,LGAFFS,Validation,Surrogate,DecisionTreeClassifier,Amer-Indian-Eskimo,0.3978,0.8751,0.7374,0.9571,0.9595,0.7627,0.9997,"[3283, 325, 497, 657]",0.8274,0.6152,0.5693,0.669,0.5076,"[[0.0, 0.09007760532150776, 1.0], [0.0, 0.5693240901213171, 1.0], [inf, 1.0, 0.0]]",0.7396,0.5693,0.9099
Adult Income,race,LGAFFS,Validation,Surrogate,DecisionTreeClassifier,Asian-Pac-Islander,1.3544,0.9277,1.0517,1.0524,0.9456,0.9423,0.9995,,,,,,,,,,
Adult Income,race,LGAFFS,Validation,Surrogate,DecisionTreeClassifier,Black,0.3197,0.85,0.7672,0.9351,0.9355,0.765,0.9997,,,,,,,,,,
Adult Income,race,LGAFFS,Validation,Surrogate,DecisionTreeClassifier,Other,0.5752,0.9121,1.2318,0.9368,0.9379,0.7683,0.9997,,,,,,,,,,
Adult Income,race,LGAFFS,Validation,Surrogate,DecisionTreeClassifier,White,1.8657,0.8975,1.1084,1.0435,0.9566,0.8925,0.9997,,,,,,,,,,
Adult Income,race,LGAFFS,Validation,Surrogate,RandomForestClassifier,Amer-Indian-Eskimo,0.3916,0.8718,0.7258,0.9562,0.9586,0.7514,0.9999,"[3280, 328, 484, 670]",0.8295,0.6227,0.5806,0.6713,0.5155,"[[0.0, 0.09090909090909091, 1.0], [0.0, 0.5805892547660312, 1.0], [inf, 1.0, 0.0]]",0.7448,0.5806,0.9091
Adult Income,race,LGAFFS,Validation,Surrogate,RandomForestClassifier,Asian-Pac-Islander,1.3647,0.9244,1.0768,1.0516,0.9465,0.9281,0.9998,,,,,,,,,,
Adult Income,race,LGAFFS,Validation,Surrogate,RandomForestClassifier,Black,0.3339,0.851,0.792,0.9342,0.9346,0.7913,0.9999,,,,,,,,,,
Adult Income,race,LGAFFS,Validation,Surrogate,RandomForestClassifier,Other,0.4523,0.8847,1.2202,0.9082,0.9082,0.7796,0.9999,,,,,,,,,,
Adult Income,race,LGAFFS,Validation,Surrogate,RandomForestClassifier,White,1.8507,0.8969,1.091,1.0465,0.9536,0.9113,0.9999,,,,,,,,,,
Adult Income,race,LGAFFS,Test,Surrogate,LogisticRegression,Amer-Indian-Eskimo,0.2948,0.878,0.7106,0.9531,0.9547,0.7256,1.0,"[6630, 587, 1258, 1050]",0.8063,0.5323,0.4549,0.6414,0.4243,"[[0.0, 0.08133573506997367, 1.0], [0.0, 0.45493934142114384, 1.0], [inf, 1.0, 0.0]]",0.6868,0.4549,0.9187
Adult Income,race,LGAFFS,Test,Surrogate,LogisticRegression,Asian-Pac-Islander,1.2172,0.9629,1.0027,1.0333,0.966,0.9992,1.0,,,,,,,,,,
Adult Income,race,LGAFFS,Test,Surrogate,LogisticRegression,Black,0.3795,0.8867,0.8452,0.949,0.9495,0.8439,1.0,,,,,,,,,,
Adult Income,race,LGAFFS,Test,Surrogate,LogisticRegression,Other,0.1427,0.8516,0.655,0.9322,0.9327,0.6548,1.0,,,,,,,,,,
Adult Income,race,LGAFFS,Test,Surrogate,LogisticRegression,White,1.9483,0.9101,1.1157,1.038,0.9619,0.8819,0.9999,,,,,,,,,,
Adult Income,race,LGAFFS,Test,Surrogate,SVC,Amer-Indian-Eskimo,0.4471,0.9117,0.8636,0.9751,0.9768,0.8939,1.0,"[6787, 430, 1225, 1083]",0.8262,0.5669,0.4692,0.7158,0.4802,"[[0.0, 0.05958154357766385, 1.0], [0.0, 0.4692374350086655, 1.0], [inf, 1.0, 0.0]]",0.7048,0.4692,0.9404
Adult Income,race,LGAFFS,Test,Surrogate,SVC,Asian-Pac-Islander,1.6744,0.895,1.1878,1.0557,0.9436,0.8174,1.0,,,,,,,,,,
Adult Income,race,LGAFFS,Test,Surrogate,SVC,Black,0.3599,0.8917,0.8394,0.9613,0.9612,0.8383,1.0,,,,,,,,,,
Adult Income,race,LGAFFS,Test,Surrogate,SVC,Other,0.1545,0.8648,0.6405,0.9541,0.9547,0.6405,1.0,,,,,,,,,,
Adult Income,race,LGAFFS,Test,Surrogate,SVC,White,1.6552,0.9333,1.0361,1.0218,0.9785,0.9605,1.0,,,,,,,,,,
Adult Income,race,LGAFFS,Test,Surrogate,GaussianNB,Amer-Indian-Eskimo,0.4674,0.8605,0.8006,0.9219,0.9253,0.8385,1.0,"[6156, 1061, 888, 1420]",0.7954,0.593,0.6153,0.5723,0.4571,"[[0.0, 0.1470139947346543, 1.0], [0.0, 0.6152512998266898, 1.0], [inf, 1.0, 0.0]]",0.7341,0.6153,0.853
Adult Income,race,LGAFFS,Test,Surrogate,GaussianNB,Asian-Pac-Islander,1.1722,0.9554,0.987,1.0452,0.9552,0.9921,1.0,,,,,,,,,,
Adult Income,race,LGAFFS,Test,Surrogate,GaussianNB,Black,0.471,0.8549,0.8476,0.9261,0.9266,0.8458,1.0,,,,,,,,,,
Adult Income,race,LGAFFS,Test,Surrogate,GaussianNB,Other,0.2829,0.8122,0.6054,0.9084,0.9109,0.6054,1.0,,,,,,,,,,
Adult Income,race,LGAFFS,Test,Surrogate,GaussianNB,White,1.704,0.8856,1.1164,1.0564,0.9434,0.8837,1.0,,,,,,,,,,
Adult Income,race,LGAFFS,Test,Surrogate,DecisionTreeClassifier,Amer-Indian-Eskimo,0.5774,0.9104,0.9183,0.9652,0.9681,0.9639,1.0,"[6549, 668, 966, 1342]",0.8285,0.6216,0.5815,0.6677,0.5134,"[[0.0, 0.09255923513925454, 1.0], [0.0, 0.5814558058925476, 1.0], [inf, 1.0, 0.0]]",0.7444,0.5815,0.9074
Adult Income,race,LGAFFS,Test,Surrogate,DecisionTreeClassifier,Asian-Pac-Islander,1.3598,0.9249,1.0715,1.0591,0.9433,0.9336,0.9999,,,,,,,,,,
Adult Income,race,LGAFFS,Test,Surrogate,DecisionTreeClassifier,Black,0.3939,0.8643,0.9012,0.9323,0.9327,0.9002,0.9999,,,,,,,,,,
Adult Income,race,LGAFFS,Test,Surrogate,DecisionTreeClassifier,Other,0.2327,0.8371,0.5278,0.9493,0.9511,0.5278,0.9999,,,,,,,,,,
Adult Income,race,LGAFFS,Test,Surrogate,DecisionTreeClassifier,White,1.7317,0.9051,1.0496,1.0435,0.9567,0.947,1.0,,,,,,,,,,
Adult Income,race,LGAFFS,Test,Surrogate,RandomForestClassifier,Amer-Indian-Eskimo,0.563,0.905,0.9071,0.9616,0.9644,0.9526,1.0,"[6523, 694, 940, 1368]",0.8285,0.6261,0.5927,0.6634,0.5166,"[[0.0, 0.09616184009976445, 1.0], [0.0, 0.5927209705372617, 1.0], [inf, 1.0, 0.0]]",0.7483,0.5927,0.9038
Adult Income,race,LGAFFS,Test,Surrogate,RandomForestClassifier,Asian-Pac-Islander,1.3237,0.9306,1.0596,1.0554,0.947,0.9452,0.9999,,,,,,,,,,
Adult Income,race,LGAFFS,Test,Surrogate,RandomForestClassifier,Black,0.4076,0.8641,0.8984,0.9337,0.9343,0.8979,0.9999,,,,,,,,,,
Adult Income,race,LGAFFS,Test,Surrogate,RandomForestClassifier,Other,0.1697,0.819,0.5167,0.9313,0.9326,0.5165,1.0,,,,,,,,,,
Adult Income,race,LGAFFS,Test,Surrogate,RandomForestClassifier,White,1.7404,0.9019,1.0574,1.0448,0.9555,0.9399,1.0,,,,,,,,,,
Adult Income,race,LGAFFS,Validation,Test,XGBClassifier,Amer-Indian-Eskimo,0.654,0.9291,0.7328,1.0094,0.9858,0.7584,1.0,"[3298, 310, 492, 662]",0.8316,0.6228,0.5737,0.6811,0.5185,"[[0.0, 0.08592017738359202, 1.0], [0.0, 0.5736568457538995, 1.0], [inf, 1.0, 0.0]]",0.7439,0.5737,0.9141
Adult Income,race,LGAFFS,Validation,Test,XGBClassifier,Asian-Pac-Islander,1.3017,0.939,1.0223,1.0472,0.9512,0.9727,0.9998,,,,,,,,,,
Adult Income,race,LGAFFS,Validation,Test,XGBClassifier,Black,0.3232,0.8524,0.7811,0.937,0.9374,0.7794,1.0,,,,,,,,,,
Adult Income,race,LGAFFS,Validation,Test,XGBClassifier,Other,0.4644,0.8902,1.2273,0.9132,0.9132,0.7727,1.0,,,,,,,,,,
Adult Income,race,LGAFFS,Validation,Test,XGBClassifier,White,1.8692,0.8983,1.1129,1.0405,0.9595,0.8877,1.0,,,,,,,,,,
Adult Income,race,LGAFFS,Test,Test,XGBClassifier,Amer-Indian-Eskimo,0.6319,0.9227,0.995,0.9701,0.973,0.9522,1.0,"[6584, 633, 949, 1359]",0.8339,0.6321,0.5888,0.6822,0.528,"[[0.0, 0.0877095746154912, 1.0], [0.0, 0.5888214904679376, 1.0], [inf, 1.0, 0.0]]",0.7506,0.5888,0.9123
Adult Income,race,LGAFFS,Test,Test,XGBClassifier,Asian-Pac-Islander,1.306,0.9366,1.0638,1.0408,0.9579,0.9412,1.0,,,,,,,,,,
Adult Income,race,LGAFFS,Test,Test,XGBClassifier,Black,0.3878,0.8641,0.9203,0.9309,0.9311,0.9209,0.9999,,,,,,,,,,
Adult Income,race,LGAFFS,Test,Test,XGBClassifier,Other,0.2348,0.839,0.6319,0.94,0.9411,0.6319,1.0,,,,,,,,,,
Adult Income,race,LGAFFS,Test,Test,XGBClassifier,White,1.7678,0.9031,1.0328,1.0476,0.9522,0.9651,0.9999,,,,,,,,,,
Adult Income,sex,LGAFFS,Validation,Surrogate,LogisticRegression,Female,1.8257,0.9602,1.1662,1.0475,0.9527,0.834,1.0,"[3485, 123, 985, 169]",0.7673,0.2337,0.1464,0.5788,0.2007,"[[0.0, 0.03409090909090909, 1.0], [0.0, 0.1464471403812825, 1.0], [inf, 1.0, 0.0]]",0.5562,0.1464,0.9659
Adult Income,sex,LGAFFS,Validation,Surrogate,LogisticRegression,Male,0.5477,0.9602,0.8338,0.9525,0.9527,0.834,1.0,,,,,,,,,,
Adult Income,sex,LGAFFS,Validation,Surrogate,SVC,Female,0.1952,0.7608,0.7485,0.8646,0.8644,0.7494,1.0,"[3238, 370, 484, 670]",0.8207,0.6108,0.5806,0.6442,0.4958,"[[0.0, 0.10254988913525499, 1.0], [0.0, 0.5805892547660312, 1.0], [inf, 1.0, 0.0]]",0.739,0.5806,0.8975
Adult Income,sex,LGAFFS,Validation,Surrogate,SVC,Male,5.1241,0.7608,1.2515,1.1354,0.8644,0.7494,1.0,,,,,,,,,,
Adult Income,sex,LGAFFS,Validation,Surrogate,GaussianNB,Female,6.3247,0.918,1.2032,1.0741,0.9258,0.7964,1.0,"[3485, 123, 1075, 79]",0.7484,0.1165,0.0685,0.3911,0.0731,"[[0.0, 0.03409090909090909, 1.0], [0.0, 0.0684575389948007, 1.0], [inf, 1.0, 0.0]]",0.5172,0.0685,0.9659
Adult Income,sex,LGAFFS,Validation,Surrogate,GaussianNB,Male,0.1581,0.918,0.7968,0.9259,0.9258,0.7964,1.0,,,,,,,,,,
Adult Income,sex,LGAFFS,Validation,Surrogate,DecisionTreeClassifier,Female,0.402,0.8389,0.8784,0.9371,0.937,0.8784,0.9998,"[3241, 367, 491, 663]",0.8198,0.6071,0.5745,0.6437,0.4921,"[[0.0, 0.10171840354767184, 1.0], [0.0, 0.574523396880416, 1.0], [inf, 1.0, 0.0]]",0.7364,0.5745,0.8983
Adult Income,sex,LGAFFS,Validation,Surrogate,DecisionTreeClassifier,Male,2.4875,0.8389,1.1216,1.0629,0.937,0.8784,0.9998,,,,,,,,,,
Adult Income,sex,LGAFFS,Validation,Surrogate,RandomForestClassifier,Female,0.4194,0.9038,0.8889,0.9817,0.9815,0.889,0.9995,"[3417, 191, 707, 447]",0.8114,0.4989,0.3873,0.7006,0.4207,"[[0.0, 0.052937915742793794, 1.0], [0.0, 0.3873483535528596, 1.0], [inf, 1.0, 0.0]]",0.6672,0.3873,0.9471
Adult Income,sex,LGAFFS,Validation,Surrogate,RandomForestClassifier,Male,2.3842,0.9038,1.1111,1.0183,0.9815,0.889,0.9995,,,,,,,,,,
Adult Income,sex,LGAFFS,Test,Surrogate,LogisticRegression,Female,1.8051,0.9591,1.1609,1.0495,0.9504,0.8396,1.0,"[6948, 269, 1964, 344]",0.7656,0.2355,0.149,0.5612,0.1952,"[[0.0, 0.0372731051683525, 1.0], [0.0, 0.14904679376083188, 1.0], [inf, 1.0, 0.0]]",0.5559,0.149,0.9627
Adult Income,sex,LGAFFS,Test,Surrogate,LogisticRegression,Male,0.554,0.9591,0.8391,0.9505,0.9504,0.8396,1.0,,,,,,,,,,
Adult Income,sex,LGAFFS,Test,Surrogate,SVC,Female,0.1765,0.7536,0.7256,0.8612,0.8613,0.7254,1.0,"[6489, 728, 958, 1350]",0.823,0.6156,0.5849,0.6497,0.5022,"[[0.0, 0.1008729388942774, 1.0], [0.0, 0.5849220103986135, 1.0], [inf, 1.0, 0.0]]",0.742,0.5849,0.8991
Adult Income,sex,LGAFFS,Test,Surrogate,SVC,Male,5.6667,0.7536,1.2744,1.1388,0.8613,0.7254,1.0,,,,,,,,,,
Adult Income,sex,LGAFFS,Test,Surrogate,GaussianNB,Female,6.2366,0.9026,1.2051,1.0932,0.907,0.7938,1.0,"[6915, 302, 2127, 181]",0.745,0.1297,0.0784,0.3747,0.0714,"[[0.0, 0.041845642233615074, 1.0], [0.0, 0.07842287694974004, 1.0], [inf, 1.0, 0.0]]",0.5183,0.0784,0.9582
Adult Income,sex,LGAFFS,Test,Surrogate,GaussianNB,Male,0.1603,0.9026,0.7949,0.9068,0.907,0.7938,1.0,,,,,,,,,,
Adult Income,sex,LGAFFS,Test,Surrogate,DecisionTreeClassifier,Female,0.3477,0.8235,0.8749,0.9206,0.9204,0.8746,0.9999,"[6523, 694, 978, 1330]",0.8245,0.614,0.5763,0.6571,0.5029,"[[0.0, 0.09616184009976445, 1.0], [0.0, 0.5762564991334489, 1.0], [inf, 1.0, 0.0]]",0.74,0.5763,0.9038
Adult Income,sex,LGAFFS,Test,Surrogate,DecisionTreeClassifier,Male,2.8757,0.8235,1.1251,1.0794,0.9204,0.8746,0.9999,,,,,,,,,,
Adult Income,sex,LGAFFS,Test,Surrogate,RandomForestClassifier,Female,0.4573,0.9193,0.9695,0.9821,0.9822,0.9687,0.9997,"[6887, 330, 1475, 833]",0.8105,0.48,0.3609,0.7163,0.4125,"[[0.0, 0.045725370652625746, 1.0], [0.0, 0.36091854419410746, 1.0], [inf, 1.0, 0.0]]",0.6576,0.3609,0.9543
Adult Income,sex,LGAFFS,Test,Surrogate,RandomForestClassifier,Male,2.1868,0.9193,1.0305,1.0179,0.9822,0.9687,0.9997,,,,,,,,,,
Adult Income,sex,LGAFFS,Validation,Test,XGBClassifier,Female,0.4313,0.8588,0.9804,0.9423,0.9423,0.981,0.9998,"[3289, 319, 512, 642]",0.8255,0.6071,0.5563,0.6681,0.4996,"[[0.0, 0.08841463414634146, 1.0], [0.0, 0.5563258232235702, 1.0], [inf, 1.0, 0.0]]",0.734,0.5563,0.9116
Adult Income,sex,LGAFFS,Validation,Test,XGBClassifier,Male,2.3184,0.8588,1.0196,1.0577,0.9423,0.981,0.9998,,,,,,,,,,
Adult Income,sex,LGAFFS,Test,Test,XGBClassifier,Female,0.3886,0.8466,0.9662,0.9326,0.9325,0.966,1.0,"[6605, 612, 1011, 1297]",0.8296,0.6151,0.562,0.6794,0.5107,"[[0.0, 0.0847997783012332, 1.0], [0.0, 0.5619584055459272, 1.0], [inf, 1.0, 0.0]]",0.7386,0.562,0.9152
Adult Income,sex,LGAFFS,Test,Test,XGBClassifier,Male,2.5733,0.8466,1.0338,1.0674,0.9325,0.966,1.0,,,,,,,,,,
Adult Income,sex,LGAFFS,Validation,Surrogate,LogisticRegression,Female,0.0577,0.7813,0.5448,0.8983,0.8983,0.5446,0.9999,"[3352, 256, 648, 506]",0.8102,0.5282,0.4385,0.664,0.4295,"[[0.0, 0.07095343680709534, 1.0], [0.0, 0.43847487001733104, 1.0], [inf, 1.0, 0.0]]",0.6838,0.4385,0.929
Adult Income,sex,LGAFFS,Validation,Surrogate,LogisticRegression,Male,17.3209,0.7813,1.4552,1.1017,0.8983,0.5446,0.9999,,,,,,,,,,
Adult Income,sex,LGAFFS,Validation,Surrogate,SVC,Female,0.2167,0.841,0.8128,0.9293,0.9293,0.8122,0.9999,"[3400, 208, 645, 509]",0.8209,0.5441,0.4411,0.7099,0.4594,"[[0.0, 0.057649667405764965, 1.0], [0.0, 0.4410745233968804, 1.0], [inf, 1.0, 0.0]]",0.6917,0.4411,0.9424
Adult Income,sex,LGAFFS,Validation,Surrogate,SVC,Male,4.6136,0.841,1.1872,1.0707,0.9293,0.8122,0.9999,,,,,,,,,,
Adult Income,sex,LGAFFS,Validation,Surrogate,GaussianNB,Female,0.0104,0.6303,0.2927,0.787,0.787,0.294,0.9999,"[3134, 474, 429, 725]",0.8104,0.6162,0.6282,0.6047,0.4905,"[[0.0, 0.13137472283813748, 1.0], [0.0, 0.6282495667244368, 1.0], [inf, 1.0, 0.0]]",0.7484,0.6282,0.8686
Adult Income,sex,LGAFFS,Validation,Surrogate,GaussianNB,Male,95.7949,0.6303,1.7073,1.213,0.787,0.294,0.9999,,,,,,,,,,
Adult Income,sex,LGAFFS,Validation,Surrogate,DecisionTreeClassifier,Female,0.2869,0.8039,0.7834,0.9129,0.9127,0.7826,0.9999,"[3270, 338, 490, 664]",0.8261,0.616,0.5754,0.6627,0.5064,"[[0.0, 0.09368070953436806, 1.0], [0.0, 0.5753899480069324, 1.0], [inf, 1.0, 0.0]]",0.7409,0.5754,0.9063
Adult Income,sex,LGAFFS,Validation,Surrogate,DecisionTreeClassifier,Male,3.4854,0.8039,1.2166,1.0871,0.9127,0.7826,0.9999,,,,,,,,,,
Adult Income,sex,LGAFFS,Validation,Surrogate,RandomForestClassifier,Female,0.3144,0.8081,0.8322,0.9124,0.9124,0.831,0.9998,"[3259, 349, 471, 683]",0.8278,0.6249,0.5919,0.6618,0.5149,"[[0.0, 0.09672949002217295, 1.0], [0.0, 0.5918544194107452, 1.0], [inf, 1.0, 0.0]]",0.7476,0.5919,0.9033
Adult Income,sex,LGAFFS,Validation,Surrogate,RandomForestClassifier,Male,3.1807,0.8081,1.1678,1.0876,0.9124,0.831,0.9998,,,,,,,,,,
Adult Income,sex,LGAFFS,Test,Surrogate,LogisticRegression,Female,0.0722,0.7816,0.5522,0.8953,0.8952,0.552,1.0,"[6665, 552, 1303, 1005]",0.8052,0.5201,0.4354,0.6455,0.4159,"[[0.0, 0.07648607454621034, 1.0], [0.0, 0.4354419410745234, 1.0], [inf, 1.0, 0.0]]",0.6795,0.4354,0.9235
Adult Income,sex,LGAFFS,Test,Surrogate,LogisticRegression,Male,13.8471,0.7816,1.4478,1.1047,0.8952,0.552,1.0,,,,,,,,,,
Adult Income,sex,LGAFFS,Test,Surrogate,SVC,Female,0.2201,0.8441,0.8261,0.9326,0.9325,0.8261,1.0,"[6828, 389, 1282, 1026]",0.8246,0.5512,0.4445,0.7251,0.4706,"[[0.0, 0.053900512678398224, 1.0], [0.0, 0.4445407279029463, 1.0], [inf, 1.0, 0.0]]",0.6953,0.4445,0.9461
Adult Income,sex,LGAFFS,Test,Surrogate,SVC,Male,4.5432,0.8441,1.1739,1.0674,0.9325,0.8261,1.0,,,,,,,,,,
Adult Income,sex,LGAFFS,Test,Surrogate,GaussianNB,Female,0.0153,0.6266,0.3175,0.7749,0.7748,0.3167,1.0,"[6210, 1007, 875, 1433]",0.8024,0.6036,0.6209,0.5873,0.4725,"[[0.0, 0.1395316613551337, 1.0], [0.0, 0.6208838821490468, 1.0], [inf, 1.0, 0.0]]",0.7407,0.6209,0.8605
Adult Income,sex,LGAFFS,Test,Surrogate,GaussianNB,Male,65.3793,0.6266,1.6825,1.2251,0.7748,0.3167,1.0,,,,,,,,,,
Adult Income,sex,LGAFFS,Test,Surrogate,DecisionTreeClassifier,Female,0.2546,0.7892,0.8219,0.8912,0.8911,0.8202,0.9999,"[6541, 676, 951, 1357]",0.8292,0.6252,0.588,0.6675,0.5169,"[[0.0, 0.09366772897325759, 1.0], [0.0, 0.5879549393414212, 1.0], [inf, 1.0, 0.0]]",0.7471,0.588,0.9063
Adult Income,sex,LGAFFS,Test,Surrogate,DecisionTreeClassifier,Male,3.9278,0.7892,1.1781,1.1088,0.8911,0.8202,0.9999,,,,,,,,,,
Adult Income,sex,LGAFFS,Test,Surrogate,RandomForestClassifier,Female,0.3089,0.8042,0.8874,0.8996,0.8996,0.8859,0.9998,"[6514, 703, 927, 1381]",0.8289,0.6289,0.5984,0.6627,0.5192,"[[0.0, 0.09740889566301787, 1.0], [0.0, 0.5983535528596187, 1.0], [inf, 1.0, 0.0]]",0.7505,0.5984,0.9026
Adult Income,sex,LGAFFS,Test,Surrogate,RandomForestClassifier,Male,3.2377,0.8042,1.1126,1.1004,0.8996,0.8859,0.9998,,,,,,,,,,
Adult Income,sex,LGAFFS,Validation,Test,XGBClassifier,Female,0.2971,0.8133,0.8508,0.9163,0.9166,0.8499,0.9999,"[3307, 301, 483, 671]",0.8354,0.6312,0.5815,0.6903,0.5295,"[[0.0, 0.08342572062084257, 1.0], [0.0, 0.5814558058925476, 1.0], [inf, 1.0, 0.0]]",0.749,0.5815,0.9166
Adult Income,sex,LGAFFS,Validation,Test,XGBClassifier,Male,3.3663,0.8133,1.1492,1.0837,0.9166,0.8499,0.9999,,,,,,,,,,
Adult Income,sex,LGAFFS,Test,Test,XGBClassifier,Female,0.2804,0.8068,0.8813,0.9035,0.9038,0.8819,1.0,"[6615, 602, 959, 1349]",0.8361,0.6335,0.5845,0.6914,0.532,"[[0.0, 0.08341416100872939, 1.0], [0.0, 0.5844887348353552, 1.0], [inf, 1.0, 0.0]]",0.7505,0.5845,0.9166
Adult Income,sex,LGAFFS,Test,Test,XGBClassifier,Male,3.5657,0.8068,1.1187,1.0965,0.9038,0.8819,1.0,,,,,,,,,,
