dataset,attribute,group,algorithm,set,iterations,error,classifier_type,classification_algorithm,value,fairness_disparate_impact,fairness_discrimination_score,fairness_true_positive_rate_diff,fairness_false_positive_rate_diff,fairness_false_positive_error_rate_balance_score,fairness_false_negative_error_rate_balance_score,fairness_consistency,performance_accuracy,performance_f1_score,performance_auc
German Credit,Attribute9,NA,NA,Validation,0,False,Surrogate,LogisticRegression,Female,0.7949,0.8336,1.0800,0.3923,0.3923,0.9200,0.8500,0.7200,0.8082,0.6381
German Credit,Attribute9,NA,NA,Validation,0,False,Surrogate,LogisticRegression,Male,1.2580,0.8336,0.9200,1.6077,0.3923,0.9200,0.8500,0.7200,0.8082,0.6381
German Credit,Attribute9,NA,NA,Validation,0,False,Surrogate,SVC,Female,0.8347,0.8658,1.0400,0.5885,0.5885,0.9600,0.8500,0.7500,0.8299,0.6690
German Credit,Attribute9,NA,NA,Validation,0,False,Surrogate,SVC,Male,1.1981,0.8658,0.9600,1.4115,0.5885,0.9600,0.8500,0.7500,0.8299,0.6690
German Credit,Attribute9,NA,NA,Validation,0,False,Surrogate,GaussianNB,Female,0.9539,0.9719,1.1700,0.6699,0.6699,0.8300,0.8500,0.7200,0.7846,0.7143
German Credit,Attribute9,NA,NA,Validation,0,False,Surrogate,GaussianNB,Male,1.0483,0.9719,0.8300,1.3301,0.6699,0.8300,0.8500,0.7200,0.7846,0.7143
German Credit,Attribute9,NA,NA,Validation,0,False,Surrogate,DecisionTreeClassifier,Female,0.8998,0.9317,1.0800,0.6938,0.6938,0.9200,0.7367,0.6800,0.7647,0.6381
German Credit,Attribute9,NA,NA,Validation,0,False,Surrogate,DecisionTreeClassifier,Male,1.1114,0.9317,0.9200,1.3062,0.6938,0.9200,0.7367,0.6800,0.7647,0.6381
German Credit,Attribute9,NA,NA,Validation,0,False,Surrogate,RandomForestClassifier,Female,0.8903,0.9126,1.1400,0.5502,0.5502,0.8600,0.8367,0.7900,0.8571,0.7167
German Credit,Attribute9,NA,NA,Validation,0,False,Surrogate,RandomForestClassifier,Male,1.1232,0.9126,0.8600,1.4498,0.5502,0.8600,0.8367,0.7900,0.8571,0.7167
German Credit,Attribute9,NA,NA,Test,0,False,Surrogate,LogisticRegression,Female,0.8200,0.8513,0.8800,0.8756,0.8756,0.8800,0.8800,0.7600,0.8378,0.6762
German Credit,Attribute9,NA,NA,Test,0,False,Surrogate,LogisticRegression,Male,1.2195,0.8513,1.1200,1.1244,0.8756,0.8800,0.8800,0.7600,0.8378,0.6762
German Credit,Attribute9,NA,NA,Test,0,False,Surrogate,SVC,Female,0.9713,0.9771,1.0000,1.0191,0.9809,1.0000,0.8967,0.7700,0.8456,0.6833
German Credit,Attribute9,NA,NA,Test,0,False,Surrogate,SVC,Male,1.0296,0.9771,1.0000,0.9809,0.9809,1.0000,0.8967,0.7700,0.8456,0.6833
German Credit,Attribute9,NA,NA,Test,0,False,Surrogate,GaussianNB,Female,0.7577,0.8350,0.8700,0.8517,0.8517,0.8700,0.8467,0.7100,0.7820,0.6881
German Credit,Attribute9,NA,NA,Test,0,False,Surrogate,GaussianNB,Male,1.3197,0.8350,1.1300,1.1483,0.8517,0.8700,0.8467,0.7100,0.7820,0.6881
German Credit,Attribute9,NA,NA,Test,0,False,Surrogate,DecisionTreeClassifier,Female,0.9738,0.9818,0.9400,1.1100,0.8900,0.9400,0.8067,0.6500,0.7482,0.5881
German Credit,Attribute9,NA,NA,Test,0,False,Surrogate,DecisionTreeClassifier,Male,1.0269,0.9818,1.0600,0.8900,0.8900,0.9400,0.8067,0.6500,0.7482,0.5881
German Credit,Attribute9,NA,NA,Test,0,False,Surrogate,RandomForestClassifier,Female,0.9993,0.9995,1.0500,0.9809,0.9809,0.9500,0.8500,0.7300,0.8085,0.6738
German Credit,Attribute9,NA,NA,Test,0,False,Surrogate,RandomForestClassifier,Male,1.0007,0.9995,0.9500,1.0191,0.9809,0.9500,0.8500,0.7300,0.8085,0.6738
German Credit,Attribute9,NA,NA,Validation,0,False,Target,XGBClassifier,Female,0.8903,0.9205,1.1300,0.6172,0.6172,0.8700,0.7667,0.8000,0.8571,0.7619
German Credit,Attribute9,NA,NA,Validation,0,False,Target,XGBClassifier,Male,1.1232,0.9205,0.8700,1.3828,0.6172,0.8700,0.7667,0.8000,0.8571,0.7619
German Credit,Attribute9,NA,NA,Test,0,False,Target,XGBClassifier,Female,1.0448,0.9682,1.1700,0.8373,0.8373,0.8300,0.8633,0.7400,0.8169,0.6810
German Credit,Attribute9,NA,NA,Test,0,False,Target,XGBClassifier,Male,0.9572,0.9682,0.8300,1.1627,0.8373,0.8300,0.8633,0.7400,0.8169,0.6810
German Credit,Attribute9,Female,Massaging,Validation,1,False,Surrogate,LogisticRegression,Female,0.7539,0.7789,0.9300,0.5215,0.5215,0.9300,0.8967,0.7300,0.8235,0.6167
German Credit,Attribute9,Female,Massaging,Validation,1,False,Surrogate,LogisticRegression,Male,1.3264,0.7789,1.0700,1.4785,0.5215,0.9300,0.8967,0.7300,0.8235,0.6167
German Credit,Attribute9,Female,Massaging,Validation,1,False,Surrogate,SVC,Female,0.8975,0.9079,1.0100,0.7560,0.7560,0.9900,0.8867,0.7500,0.8408,0.6214
German Credit,Attribute9,Female,Massaging,Validation,1,False,Surrogate,SVC,Male,1.1142,0.9079,0.9900,1.2440,0.7560,0.9900,0.8867,0.7500,0.8408,0.6214
German Credit,Attribute9,Female,Massaging,Validation,1,False,Surrogate,GaussianNB,Female,0.8443,0.8691,0.9700,0.7177,0.7177,0.9700,0.8367,0.7200,0.8133,0.6190
German Credit,Attribute9,Female,Massaging,Validation,1,False,Surrogate,GaussianNB,Male,1.1845,0.8691,1.0300,1.2823,0.7177,0.9700,0.8367,0.7200,0.8133,0.6190
German Credit,Attribute9,Female,Massaging,Validation,1,False,Surrogate,DecisionTreeClassifier,Female,0.8176,0.8705,0.9700,0.7464,0.7464,0.9700,0.7433,0.7100,0.7883,0.6690
German Credit,Attribute9,Female,Massaging,Validation,1,False,Surrogate,DecisionTreeClassifier,Male,1.2230,0.8705,1.0300,1.2536,0.7464,0.9700,0.7433,0.7100,0.7883,0.6690
German Credit,Attribute9,Female,Massaging,Validation,1,False,Surrogate,RandomForestClassifier,Female,0.9122,0.9224,1.0600,0.7177,0.7177,0.9400,0.8333,0.7800,0.8590,0.6619
German Credit,Attribute9,Female,Massaging,Validation,1,False,Surrogate,RandomForestClassifier,Male,1.0962,0.9224,0.9400,1.2823,0.7177,0.9400,0.8333,0.7800,0.8590,0.6619
German Credit,Attribute9,Female,Massaging,Test,1,False,Surrogate,LogisticRegression,Female,0.9645,0.9691,0.9800,0.9904,0.9904,0.9800,0.9233,0.7200,0.8205,0.5905
German Credit,Attribute9,Female,Massaging,Test,1,False,Surrogate,LogisticRegression,Male,1.0368,0.9691,1.0200,1.0096,0.9904,0.9800,0.9233,0.7200,0.8205,0.5905
German Credit,Attribute9,Female,Massaging,Test,1,False,Surrogate,SVC,Female,1.0745,0.9374,1.0500,1.1340,0.8660,0.9500,0.9333,0.7200,0.8205,0.5905
German Credit,Attribute9,Female,Massaging,Test,1,False,Surrogate,SVC,Male,0.9306,0.9374,0.9500,0.8660,0.8660,0.9500,0.9333,0.7200,0.8205,0.5905
German Credit,Attribute9,Female,Massaging,Test,1,False,Surrogate,GaussianNB,Female,1.0474,0.9649,1.1000,0.9665,0.9665,0.9000,0.8467,0.7100,0.8000,0.6310
German Credit,Attribute9,Female,Massaging,Test,1,False,Surrogate,GaussianNB,Male,0.9547,0.9649,0.9000,1.0335,0.9665,0.9000,0.8467,0.7100,0.8000,0.6310
German Credit,Attribute9,Female,Massaging,Test,1,False,Surrogate,DecisionTreeClassifier,Female,0.8710,0.9140,0.8600,1.0718,0.9282,0.8600,0.7333,0.6400,0.7313,0.6000
German Credit,Attribute9,Female,Massaging,Test,1,False,Surrogate,DecisionTreeClassifier,Male,1.1481,0.9140,1.1400,0.9282,0.9282,0.8600,0.7333,0.6400,0.7313,0.6000
German Credit,Attribute9,Female,Massaging,Test,1,False,Surrogate,RandomForestClassifier,Female,0.9594,0.9659,1.0300,0.9139,0.9139,0.9700,0.8833,0.7700,0.8497,0.6643
German Credit,Attribute9,Female,Massaging,Test,1,False,Surrogate,RandomForestClassifier,Male,1.0423,0.9659,0.9700,1.0861,0.9139,0.9700,0.8833,0.7700,0.8497,0.6643
German Credit,Attribute9,Female,Massaging,Validation,1,False,Target,XGBClassifier,Female,0.9713,0.9771,1.0700,0.8756,0.8756,0.9300,0.7933,0.7700,0.8456,0.6833
German Credit,Attribute9,Female,Massaging,Validation,1,False,Target,XGBClassifier,Male,1.0296,0.9771,0.9300,1.1244,0.8756,0.9300,0.7933,0.7700,0.8456,0.6833
German Credit,Attribute9,Female,Massaging,Test,1,False,Target,XGBClassifier,Female,1.1347,0.9004,1.1400,1.1244,0.8756,0.8600,0.8233,0.7900,0.8571,0.7167
German Credit,Attribute9,Female,Massaging,Test,1,False,Target,XGBClassifier,Male,0.8813,0.9004,0.8600,0.8756,0.8756,0.8600,0.8233,0.7900,0.8571,0.7167
German Credit,Attribute9,Female,Massaging,Validation,2,False,Surrogate,LogisticRegression,Female,0.7539,0.7789,0.9300,0.5215,0.5215,0.9300,0.8967,0.7300,0.8235,0.6167
German Credit,Attribute9,Female,Massaging,Validation,2,False,Surrogate,LogisticRegression,Male,1.3264,0.7789,1.0700,1.4785,0.5215,0.9300,0.8967,0.7300,0.8235,0.6167
German Credit,Attribute9,Female,Massaging,Validation,2,False,Surrogate,SVC,Female,0.8975,0.9079,1.0100,0.7560,0.7560,0.9900,0.8867,0.7500,0.8408,0.6214
German Credit,Attribute9,Female,Massaging,Validation,2,False,Surrogate,SVC,Male,1.1142,0.9079,0.9900,1.2440,0.7560,0.9900,0.8867,0.7500,0.8408,0.6214
German Credit,Attribute9,Female,Massaging,Validation,2,False,Surrogate,GaussianNB,Female,0.8443,0.8691,0.9700,0.7177,0.7177,0.9700,0.8367,0.7200,0.8133,0.6190
German Credit,Attribute9,Female,Massaging,Validation,2,False,Surrogate,GaussianNB,Male,1.1845,0.8691,1.0300,1.2823,0.7177,0.9700,0.8367,0.7200,0.8133,0.6190
German Credit,Attribute9,Female,Massaging,Validation,2,False,Surrogate,DecisionTreeClassifier,Female,0.8176,0.8705,0.9700,0.7464,0.7464,0.9700,0.7433,0.7100,0.7883,0.6690
German Credit,Attribute9,Female,Massaging,Validation,2,False,Surrogate,DecisionTreeClassifier,Male,1.2230,0.8705,1.0300,1.2536,0.7464,0.9700,0.7433,0.7100,0.7883,0.6690
German Credit,Attribute9,Female,Massaging,Validation,2,False,Surrogate,RandomForestClassifier,Female,0.9122,0.9224,1.0600,0.7177,0.7177,0.9400,0.8333,0.7800,0.8590,0.6619
German Credit,Attribute9,Female,Massaging,Validation,2,False,Surrogate,RandomForestClassifier,Male,1.0962,0.9224,0.9400,1.2823,0.7177,0.9400,0.8333,0.7800,0.8590,0.6619
German Credit,Attribute9,Female,Massaging,Test,2,False,Surrogate,LogisticRegression,Female,0.9645,0.9691,0.9800,0.9904,0.9904,0.9800,0.9233,0.7200,0.8205,0.5905
German Credit,Attribute9,Female,Massaging,Test,2,False,Surrogate,LogisticRegression,Male,1.0368,0.9691,1.0200,1.0096,0.9904,0.9800,0.9233,0.7200,0.8205,0.5905
German Credit,Attribute9,Female,Massaging,Test,2,False,Surrogate,SVC,Female,1.0745,0.9374,1.0500,1.1340,0.8660,0.9500,0.9333,0.7200,0.8205,0.5905
German Credit,Attribute9,Female,Massaging,Test,2,False,Surrogate,SVC,Male,0.9306,0.9374,0.9500,0.8660,0.8660,0.9500,0.9333,0.7200,0.8205,0.5905
German Credit,Attribute9,Female,Massaging,Test,2,False,Surrogate,GaussianNB,Female,1.0474,0.9649,1.1000,0.9665,0.9665,0.9000,0.8467,0.7100,0.8000,0.6310
German Credit,Attribute9,Female,Massaging,Test,2,False,Surrogate,GaussianNB,Male,0.9547,0.9649,0.9000,1.0335,0.9665,0.9000,0.8467,0.7100,0.8000,0.6310
German Credit,Attribute9,Female,Massaging,Test,2,False,Surrogate,DecisionTreeClassifier,Female,0.8710,0.9140,0.8600,1.0718,0.9282,0.8600,0.7333,0.6400,0.7313,0.6000
German Credit,Attribute9,Female,Massaging,Test,2,False,Surrogate,DecisionTreeClassifier,Male,1.1481,0.9140,1.1400,0.9282,0.9282,0.8600,0.7333,0.6400,0.7313,0.6000
German Credit,Attribute9,Female,Massaging,Test,2,False,Surrogate,RandomForestClassifier,Female,0.9594,0.9659,1.0300,0.9139,0.9139,0.9700,0.8833,0.7700,0.8497,0.6643
German Credit,Attribute9,Female,Massaging,Test,2,False,Surrogate,RandomForestClassifier,Male,1.0423,0.9659,0.9700,1.0861,0.9139,0.9700,0.8833,0.7700,0.8497,0.6643
German Credit,Attribute9,Female,Massaging,Validation,2,False,Target,XGBClassifier,Female,0.9713,0.9771,1.0700,0.8756,0.8756,0.9300,0.7933,0.7700,0.8456,0.6833
German Credit,Attribute9,Female,Massaging,Validation,2,False,Target,XGBClassifier,Male,1.0296,0.9771,0.9300,1.1244,0.8756,0.9300,0.7933,0.7700,0.8456,0.6833
German Credit,Attribute9,Female,Massaging,Test,2,False,Target,XGBClassifier,Female,1.1347,0.9004,1.1400,1.1244,0.8756,0.8600,0.8233,0.7900,0.8571,0.7167
German Credit,Attribute9,Female,Massaging,Test,2,False,Target,XGBClassifier,Male,0.8813,0.9004,0.8600,0.8756,0.8756,0.8600,0.8233,0.7900,0.8571,0.7167
German Credit,Attribute9,Male,Massaging,Validation,1,False,Surrogate,LogisticRegression,Female,0.7949,0.8336,1.0800,0.3923,0.3923,0.9200,0.8500,0.7200,0.8082,0.6381
German Credit,Attribute9,Male,Massaging,Validation,1,False,Surrogate,LogisticRegression,Male,1.2580,0.8336,0.9200,1.6077,0.3923,0.9200,0.8500,0.7200,0.8082,0.6381
German Credit,Attribute9,Male,Massaging,Validation,1,False,Surrogate,SVC,Female,0.8347,0.8658,1.0400,0.5885,0.5885,0.9600,0.8500,0.7500,0.8299,0.6690
German Credit,Attribute9,Male,Massaging,Validation,1,False,Surrogate,SVC,Male,1.1981,0.8658,0.9600,1.4115,0.5885,0.9600,0.8500,0.7500,0.8299,0.6690
German Credit,Attribute9,Male,Massaging,Validation,1,False,Surrogate,GaussianNB,Female,0.9539,0.9719,1.1700,0.6699,0.6699,0.8300,0.8500,0.7200,0.7846,0.7143
German Credit,Attribute9,Male,Massaging,Validation,1,False,Surrogate,GaussianNB,Male,1.0483,0.9719,0.8300,1.3301,0.6699,0.8300,0.8500,0.7200,0.7846,0.7143
German Credit,Attribute9,Male,Massaging,Validation,1,False,Surrogate,DecisionTreeClassifier,Female,0.8998,0.9317,1.0800,0.6938,0.6938,0.9200,0.7367,0.6800,0.7647,0.6381
German Credit,Attribute9,Male,Massaging,Validation,1,False,Surrogate,DecisionTreeClassifier,Male,1.1114,0.9317,0.9200,1.3062,0.6938,0.9200,0.7367,0.6800,0.7647,0.6381
German Credit,Attribute9,Male,Massaging,Validation,1,False,Surrogate,RandomForestClassifier,Female,0.8903,0.9126,1.1400,0.5502,0.5502,0.8600,0.8367,0.7900,0.8571,0.7167
German Credit,Attribute9,Male,Massaging,Validation,1,False,Surrogate,RandomForestClassifier,Male,1.1232,0.9126,0.8600,1.4498,0.5502,0.8600,0.8367,0.7900,0.8571,0.7167
German Credit,Attribute9,Male,Massaging,Test,1,False,Surrogate,LogisticRegression,Female,0.8200,0.8513,0.8800,0.8756,0.8756,0.8800,0.8800,0.7600,0.8378,0.6762
German Credit,Attribute9,Male,Massaging,Test,1,False,Surrogate,LogisticRegression,Male,1.2195,0.8513,1.1200,1.1244,0.8756,0.8800,0.8800,0.7600,0.8378,0.6762
German Credit,Attribute9,Male,Massaging,Test,1,False,Surrogate,SVC,Female,0.9713,0.9771,1.0000,1.0191,0.9809,1.0000,0.8967,0.7700,0.8456,0.6833
German Credit,Attribute9,Male,Massaging,Test,1,False,Surrogate,SVC,Male,1.0296,0.9771,1.0000,0.9809,0.9809,1.0000,0.8967,0.7700,0.8456,0.6833
German Credit,Attribute9,Male,Massaging,Test,1,False,Surrogate,GaussianNB,Female,0.7577,0.8350,0.8700,0.8517,0.8517,0.8700,0.8467,0.7100,0.7820,0.6881
German Credit,Attribute9,Male,Massaging,Test,1,False,Surrogate,GaussianNB,Male,1.3197,0.8350,1.1300,1.1483,0.8517,0.8700,0.8467,0.7100,0.7820,0.6881
German Credit,Attribute9,Male,Massaging,Test,1,False,Surrogate,DecisionTreeClassifier,Female,0.9738,0.9818,0.9400,1.1100,0.8900,0.9400,0.8067,0.6500,0.7482,0.5881
German Credit,Attribute9,Male,Massaging,Test,1,False,Surrogate,DecisionTreeClassifier,Male,1.0269,0.9818,1.0600,0.8900,0.8900,0.9400,0.8067,0.6500,0.7482,0.5881
German Credit,Attribute9,Male,Massaging,Test,1,False,Surrogate,RandomForestClassifier,Female,0.9993,0.9995,1.0500,0.9809,0.9809,0.9500,0.8500,0.7300,0.8085,0.6738
German Credit,Attribute9,Male,Massaging,Test,1,False,Surrogate,RandomForestClassifier,Male,1.0007,0.9995,0.9500,1.0191,0.9809,0.9500,0.8500,0.7300,0.8085,0.6738
German Credit,Attribute9,Male,Massaging,Validation,1,False,Target,XGBClassifier,Female,0.8903,0.9205,1.1300,0.6172,0.6172,0.8700,0.7667,0.8000,0.8571,0.7619
German Credit,Attribute9,Male,Massaging,Validation,1,False,Target,XGBClassifier,Male,1.1232,0.9205,0.8700,1.3828,0.6172,0.8700,0.7667,0.8000,0.8571,0.7619
German Credit,Attribute9,Male,Massaging,Test,1,False,Target,XGBClassifier,Female,1.0448,0.9682,1.1700,0.8373,0.8373,0.8300,0.8633,0.7400,0.8169,0.6810
German Credit,Attribute9,Male,Massaging,Test,1,False,Target,XGBClassifier,Male,0.9572,0.9682,0.8300,1.1627,0.8373,0.8300,0.8633,0.7400,0.8169,0.6810
German Credit,Attribute9,Male,Massaging,Validation,2,False,Surrogate,LogisticRegression,Female,0.7949,0.8336,1.0800,0.3923,0.3923,0.9200,0.8500,0.7200,0.8082,0.6381
German Credit,Attribute9,Male,Massaging,Validation,2,False,Surrogate,LogisticRegression,Male,1.2580,0.8336,0.9200,1.6077,0.3923,0.9200,0.8500,0.7200,0.8082,0.6381
German Credit,Attribute9,Male,Massaging,Validation,2,False,Surrogate,SVC,Female,0.8347,0.8658,1.0400,0.5885,0.5885,0.9600,0.8500,0.7500,0.8299,0.6690
German Credit,Attribute9,Male,Massaging,Validation,2,False,Surrogate,SVC,Male,1.1981,0.8658,0.9600,1.4115,0.5885,0.9600,0.8500,0.7500,0.8299,0.6690
German Credit,Attribute9,Male,Massaging,Validation,2,False,Surrogate,GaussianNB,Female,0.9539,0.9719,1.1700,0.6699,0.6699,0.8300,0.8500,0.7200,0.7846,0.7143
German Credit,Attribute9,Male,Massaging,Validation,2,False,Surrogate,GaussianNB,Male,1.0483,0.9719,0.8300,1.3301,0.6699,0.8300,0.8500,0.7200,0.7846,0.7143
German Credit,Attribute9,Male,Massaging,Validation,2,False,Surrogate,DecisionTreeClassifier,Female,0.8998,0.9317,1.0800,0.6938,0.6938,0.9200,0.7367,0.6800,0.7647,0.6381
German Credit,Attribute9,Male,Massaging,Validation,2,False,Surrogate,DecisionTreeClassifier,Male,1.1114,0.9317,0.9200,1.3062,0.6938,0.9200,0.7367,0.6800,0.7647,0.6381
German Credit,Attribute9,Male,Massaging,Validation,2,False,Surrogate,RandomForestClassifier,Female,0.8903,0.9126,1.1400,0.5502,0.5502,0.8600,0.8367,0.7900,0.8571,0.7167
German Credit,Attribute9,Male,Massaging,Validation,2,False,Surrogate,RandomForestClassifier,Male,1.1232,0.9126,0.8600,1.4498,0.5502,0.8600,0.8367,0.7900,0.8571,0.7167
German Credit,Attribute9,Male,Massaging,Test,2,False,Surrogate,LogisticRegression,Female,0.8200,0.8513,0.8800,0.8756,0.8756,0.8800,0.8800,0.7600,0.8378,0.6762
German Credit,Attribute9,Male,Massaging,Test,2,False,Surrogate,LogisticRegression,Male,1.2195,0.8513,1.1200,1.1244,0.8756,0.8800,0.8800,0.7600,0.8378,0.6762
German Credit,Attribute9,Male,Massaging,Test,2,False,Surrogate,SVC,Female,0.9713,0.9771,1.0000,1.0191,0.9809,1.0000,0.8967,0.7700,0.8456,0.6833
German Credit,Attribute9,Male,Massaging,Test,2,False,Surrogate,SVC,Male,1.0296,0.9771,1.0000,0.9809,0.9809,1.0000,0.8967,0.7700,0.8456,0.6833
German Credit,Attribute9,Male,Massaging,Test,2,False,Surrogate,GaussianNB,Female,0.7577,0.8350,0.8700,0.8517,0.8517,0.8700,0.8467,0.7100,0.7820,0.6881
German Credit,Attribute9,Male,Massaging,Test,2,False,Surrogate,GaussianNB,Male,1.3197,0.8350,1.1300,1.1483,0.8517,0.8700,0.8467,0.7100,0.7820,0.6881
German Credit,Attribute9,Male,Massaging,Test,2,False,Surrogate,DecisionTreeClassifier,Female,0.9738,0.9818,0.9400,1.1100,0.8900,0.9400,0.8067,0.6500,0.7482,0.5881
German Credit,Attribute9,Male,Massaging,Test,2,False,Surrogate,DecisionTreeClassifier,Male,1.0269,0.9818,1.0600,0.8900,0.8900,0.9400,0.8067,0.6500,0.7482,0.5881
German Credit,Attribute9,Male,Massaging,Test,2,False,Surrogate,RandomForestClassifier,Female,0.9993,0.9995,1.0500,0.9809,0.9809,0.9500,0.8500,0.7300,0.8085,0.6738
German Credit,Attribute9,Male,Massaging,Test,2,False,Surrogate,RandomForestClassifier,Male,1.0007,0.9995,0.9500,1.0191,0.9809,0.9500,0.8500,0.7300,0.8085,0.6738
German Credit,Attribute9,Male,Massaging,Validation,2,False,Target,XGBClassifier,Female,0.8903,0.9205,1.1300,0.6172,0.6172,0.8700,0.7667,0.8000,0.8571,0.7619
German Credit,Attribute9,Male,Massaging,Validation,2,False,Target,XGBClassifier,Male,1.1232,0.9205,0.8700,1.3828,0.6172,0.8700,0.7667,0.8000,0.8571,0.7619
German Credit,Attribute9,Male,Massaging,Test,2,False,Target,XGBClassifier,Female,1.0448,0.9682,1.1700,0.8373,0.8373,0.8300,0.8633,0.7400,0.8169,0.6810
German Credit,Attribute9,Male,Massaging,Test,2,False,Target,XGBClassifier,Male,0.9572,0.9682,0.8300,1.1627,0.8373,0.8300,0.8633,0.7400,0.8169,0.6810
German Credit,Attribute9,Female,Reweighing,Validation,1,False,Surrogate,LogisticRegression,Female,1.1129,0.9247,1.1600,0.9809,0.9809,0.8400,0.8500,0.7100,0.7914,0.6595
German Credit,Attribute9,Female,Reweighing,Validation,1,False,Surrogate,LogisticRegression,Male,0.8986,0.9247,0.8400,1.0191,0.9809,0.8400,0.8500,0.7100,0.7914,0.6595
German Credit,Attribute9,Female,Reweighing,Validation,1,False,Surrogate,SVC,Female,1.0079,0.9939,1.1100,0.8756,0.8756,0.8900,0.8300,0.7500,0.8299,0.6690
German Credit,Attribute9,Female,Reweighing,Validation,1,False,Surrogate,SVC,Male,0.9921,0.9939,0.8900,1.1244,0.8756,0.8900,0.8300,0.7500,0.8299,0.6690
German Credit,Attribute9,Female,Reweighing,Validation,1,False,Surrogate,GaussianNB,Female,1.2083,0.8943,1.2900,0.8134,0.8134,0.7100,0.8167,0.6600,0.7258,0.6714
German Credit,Attribute9,Female,Reweighing,Validation,1,False,Surrogate,GaussianNB,Male,0.8276,0.8943,0.7100,1.1866,0.8134,0.7100,0.8167,0.6600,0.7258,0.6714
German Credit,Attribute9,Female,Reweighing,Validation,1,False,Surrogate,DecisionTreeClassifier,Female,1.0387,0.9748,1.1000,0.9282,0.9282,0.9000,0.7600,0.6600,0.7500,0.6143
German Credit,Attribute9,Female,Reweighing,Validation,1,False,Surrogate,DecisionTreeClassifier,Male,0.9627,0.9748,0.9000,1.0718,0.9282,0.9000,0.7600,0.6600,0.7500,0.6143
German Credit,Attribute9,Female,Reweighing,Validation,1,False,Surrogate,RandomForestClassifier,Female,0.9845,0.9883,1.1500,0.7321,0.7321,0.8500,0.7967,0.7300,0.8138,0.6548
German Credit,Attribute9,Female,Reweighing,Validation,1,False,Surrogate,RandomForestClassifier,Male,1.0158,0.9883,0.8500,1.2679,0.7321,0.8500,0.7967,0.7300,0.8138,0.6548
German Credit,Attribute9,Female,Reweighing,Test,1,False,Surrogate,LogisticRegression,Female,1.0701,0.9472,1.0400,1.1627,0.8373,0.9600,0.8733,0.7500,0.8299,0.6690
German Credit,Attribute9,Female,Reweighing,Test,1,False,Surrogate,LogisticRegression,Male,0.9345,0.9472,0.9600,0.8373,0.8373,0.9600,0.8733,0.7500,0.8299,0.6690
German Credit,Attribute9,Female,Reweighing,Test,1,False,Surrogate,SVC,Female,1.1347,0.9004,1.0400,1.3062,0.6938,0.9600,0.9033,0.7500,0.8299,0.6690
German Credit,Attribute9,Female,Reweighing,Test,1,False,Surrogate,SVC,Male,0.8813,0.9004,0.9600,0.6938,0.6938,0.9600,0.9033,0.7500,0.8299,0.6690
German Credit,Attribute9,Female,Reweighing,Test,1,False,Surrogate,GaussianNB,Female,0.9625,0.9799,0.9900,1.0622,0.9378,0.9900,0.8200,0.6900,0.7480,0.7119
German Credit,Attribute9,Female,Reweighing,Test,1,False,Surrogate,GaussianNB,Male,1.0389,0.9799,1.0100,0.9378,0.9378,0.9900,0.8200,0.6900,0.7480,0.7119
German Credit,Attribute9,Female,Reweighing,Test,1,False,Surrogate,DecisionTreeClassifier,Female,1.0016,0.9991,1.0000,1.0191,0.9809,1.0000,0.7633,0.5600,0.6562,0.5333
German Credit,Attribute9,Female,Reweighing,Test,1,False,Surrogate,DecisionTreeClassifier,Male,0.9984,0.9991,1.0000,0.9809,0.9809,1.0000,0.7633,0.5600,0.6562,0.5333
German Credit,Attribute9,Female,Reweighing,Test,1,False,Surrogate,RandomForestClassifier,Female,1.0448,0.9682,1.1000,0.9809,0.9809,0.9000,0.8700,0.7400,0.8169,0.6810
German Credit,Attribute9,Female,Reweighing,Test,1,False,Surrogate,RandomForestClassifier,Male,0.9572,0.9682,0.9000,1.0191,0.9809,0.9000,0.8700,0.7400,0.8169,0.6810
German Credit,Attribute9,Female,Reweighing,Validation,1,False,Target,XGBClassifier,Female,1.0161,0.9892,1.1400,0.8517,0.8517,0.8600,0.7267,0.7500,0.8175,0.7167
German Credit,Attribute9,Female,Reweighing,Validation,1,False,Target,XGBClassifier,Male,0.9841,0.9892,0.8600,1.1483,0.8517,0.8600,0.7267,0.7500,0.8175,0.7167
German Credit,Attribute9,Female,Reweighing,Test,1,False,Target,XGBClassifier,Female,1.2366,0.8457,1.1900,1.1770,0.8230,0.8100,0.8033,0.7400,0.8143,0.6905
German Credit,Attribute9,Female,Reweighing,Test,1,False,Target,XGBClassifier,Male,0.8087,0.8457,0.8100,0.8230,0.8230,0.8100,0.8033,0.7400,0.8143,0.6905
German Credit,Attribute9,Female,Reweighing,Validation,2,False,Surrogate,LogisticRegression,Female,1.0665,0.9537,1.1200,0.9809,0.9809,0.8800,0.8600,0.7300,0.8085,0.6738
German Credit,Attribute9,Female,Reweighing,Validation,2,False,Surrogate,LogisticRegression,Male,0.9376,0.9537,0.8800,1.0191,0.9809,0.8800,0.8600,0.7300,0.8085,0.6738
German Credit,Attribute9,Female,Reweighing,Validation,2,False,Surrogate,SVC,Female,0.9602,0.9705,1.1000,0.7847,0.7847,0.9000,0.8500,0.7300,0.8112,0.6643
German Credit,Attribute9,Female,Reweighing,Validation,2,False,Surrogate,SVC,Male,1.0415,0.9705,0.9000,1.2153,0.7847,0.9000,0.8500,0.7300,0.8112,0.6643
German Credit,Attribute9,Female,Reweighing,Validation,2,False,Surrogate,GaussianNB,Female,1.1447,0.9266,1.2900,0.7225,0.7225,0.7100,0.8167,0.6700,0.7317,0.6881
German Credit,Attribute9,Female,Reweighing,Validation,2,False,Surrogate,GaussianNB,Male,0.8736,0.9266,0.7100,1.2775,0.7225,0.7100,0.8167,0.6700,0.7317,0.6881
German Credit,Attribute9,Female,Reweighing,Validation,2,False,Surrogate,DecisionTreeClassifier,Female,0.8710,0.9140,0.9600,0.8900,0.8900,0.9600,0.7400,0.6800,0.7612,0.6476
German Credit,Attribute9,Female,Reweighing,Validation,2,False,Surrogate,DecisionTreeClassifier,Male,1.1481,0.9140,1.0400,1.1100,0.8900,0.9600,0.7400,0.6800,0.7612,0.6476
German Credit,Attribute9,Female,Reweighing,Validation,2,False,Surrogate,RandomForestClassifier,Female,1.0079,0.9939,1.1800,0.7321,0.7321,0.8200,0.7867,0.7500,0.8299,0.6690
German Credit,Attribute9,Female,Reweighing,Validation,2,False,Surrogate,RandomForestClassifier,Male,0.9921,0.9939,0.8200,1.2679,0.7321,0.8200,0.7867,0.7500,0.8299,0.6690
German Credit,Attribute9,Female,Reweighing,Test,2,False,Surrogate,LogisticRegression,Female,1.0474,0.9649,1.0100,1.1627,0.8373,0.9900,0.8533,0.7300,0.8138,0.6548
German Credit,Attribute9,Female,Reweighing,Test,2,False,Surrogate,LogisticRegression,Male,0.9547,0.9649,0.9900,0.8373,0.8373,0.9900,0.8533,0.7300,0.8138,0.6548
German Credit,Attribute9,Female,Reweighing,Test,2,False,Surrogate,SVC,Female,1.0919,0.9294,1.0200,1.2536,0.7464,0.9800,0.9000,0.7500,0.8322,0.6595
German Credit,Attribute9,Female,Reweighing,Test,2,False,Surrogate,SVC,Male,0.9158,0.9294,0.9800,0.7464,0.7464,0.9800,0.9000,0.7500,0.8322,0.6595
German Credit,Attribute9,Female,Reweighing,Test,2,False,Surrogate,GaussianNB,Female,1.1129,0.9411,1.1100,1.0622,0.9378,0.8900,0.8267,0.7000,0.7581,0.7190
German Credit,Attribute9,Female,Reweighing,Test,2,False,Surrogate,GaussianNB,Male,0.8986,0.9411,0.8900,0.9378,0.9378,0.8900,0.8267,0.7000,0.7581,0.7190
German Credit,Attribute9,Female,Reweighing,Test,2,False,Surrogate,DecisionTreeClassifier,Female,0.9417,0.9561,0.9200,1.0431,0.9569,0.9200,0.8233,0.6200,0.7361,0.5286
German Credit,Attribute9,Female,Reweighing,Test,2,False,Surrogate,DecisionTreeClassifier,Male,1.0619,0.9561,1.0800,0.9569,0.9569,0.9200,0.8233,0.6200,0.7361,0.5286
German Credit,Attribute9,Female,Reweighing,Test,2,False,Surrogate,RandomForestClassifier,Female,1.0665,0.9537,1.0500,1.1244,0.8756,0.9500,0.8333,0.7300,0.8085,0.6738
German Credit,Attribute9,Female,Reweighing,Test,2,False,Surrogate,RandomForestClassifier,Male,0.9376,0.9537,0.9500,0.8756,0.8756,0.9500,0.8333,0.7300,0.8085,0.6738
German Credit,Attribute9,Female,Reweighing,Validation,2,False,Target,XGBClassifier,Female,0.9602,0.9705,1.1500,0.6938,0.6938,0.8500,0.7300,0.7500,0.8252,0.6881
German Credit,Attribute9,Female,Reweighing,Validation,2,False,Target,XGBClassifier,Male,1.0415,0.9705,0.8500,1.3062,0.6938,0.8500,0.7300,0.7500,0.8252,0.6881
German Credit,Attribute9,Female,Reweighing,Test,2,False,Target,XGBClassifier,Female,1.1129,0.9215,1.1500,1.0335,0.9665,0.8500,0.8067,0.7600,0.8310,0.7048
German Credit,Attribute9,Female,Reweighing,Test,2,False,Target,XGBClassifier,Male,0.8986,0.9215,0.8500,0.9665,0.9665,0.8500,0.8067,0.7600,0.8310,0.7048
German Credit,Attribute9,Male,Reweighing,Validation,1,False,Surrogate,LogisticRegression,Female,0.8399,0.8770,1.0800,0.5502,0.5502,0.9200,0.8567,0.7500,0.8252,0.6881
German Credit,Attribute9,Male,Reweighing,Validation,1,False,Surrogate,LogisticRegression,Male,1.1906,0.8770,0.9200,1.4498,0.5502,0.9200,0.8567,0.7500,0.8252,0.6881
German Credit,Attribute9,Male,Reweighing,Validation,1,False,Surrogate,SVC,Female,0.9417,0.9561,1.1300,0.6938,0.6938,0.8700,0.8467,0.7600,0.8333,0.6952
German Credit,Attribute9,Male,Reweighing,Validation,1,False,Surrogate,SVC,Male,1.0619,0.9561,0.8700,1.3062,0.6938,0.8700,0.8467,0.7600,0.8333,0.6952
German Credit,Attribute9,Male,Reweighing,Validation,1,False,Surrogate,GaussianNB,Female,1.0069,0.9958,1.1700,0.7608,0.7608,0.8300,0.8367,0.7100,0.7786,0.6976
German Credit,Attribute9,Male,Reweighing,Validation,1,False,Surrogate,GaussianNB,Male,0.9931,0.9958,0.8300,1.2392,0.7608,0.8300,0.8367,0.7100,0.7786,0.6976
German Credit,Attribute9,Male,Reweighing,Validation,1,False,Surrogate,DecisionTreeClassifier,Female,0.8903,0.9285,1.0100,0.8517,0.8517,0.9900,0.7467,0.7100,0.7820,0.6881
German Credit,Attribute9,Male,Reweighing,Validation,1,False,Surrogate,DecisionTreeClassifier,Male,1.1232,0.9285,0.9900,1.1483,0.8517,0.9900,0.7467,0.7100,0.7820,0.6881
German Credit,Attribute9,Male,Reweighing,Validation,1,False,Surrogate,RandomForestClassifier,Female,0.9068,0.9271,1.1100,0.6411,0.6411,0.8900,0.8300,0.7600,0.8356,0.6857
German Credit,Attribute9,Male,Reweighing,Validation,1,False,Surrogate,RandomForestClassifier,Male,1.1028,0.9271,0.8900,1.3589,0.6411,0.8900,0.8300,0.7600,0.8356,0.6857
German Credit,Attribute9,Male,Reweighing,Test,1,False,Surrogate,LogisticRegression,Female,0.8499,0.8803,0.9000,0.9282,0.9282,0.9000,0.8733,0.7600,0.8356,0.6857
German Credit,Attribute9,Male,Reweighing,Test,1,False,Surrogate,LogisticRegression,Male,1.1767,0.8803,1.1000,1.0718,0.9282,0.9000,0.8733,0.7600,0.8356,0.6857
German Credit,Attribute9,Male,Reweighing,Test,1,False,Surrogate,SVC,Female,0.9713,0.9771,1.0000,1.0191,0.9809,1.0000,0.8967,0.7700,0.8456,0.6833
German Credit,Attribute9,Male,Reweighing,Test,1,False,Surrogate,SVC,Male,1.0296,0.9771,1.0000,0.9809,0.9809,1.0000,0.8967,0.7700,0.8456,0.6833
German Credit,Attribute9,Male,Reweighing,Test,1,False,Surrogate,GaussianNB,Female,0.9106,0.9430,0.9900,0.9569,0.9569,0.9900,0.8633,0.7400,0.8030,0.7286
German Credit,Attribute9,Male,Reweighing,Test,1,False,Surrogate,GaussianNB,Male,1.0982,0.9430,1.0100,1.0431,0.9569,0.9900,0.8633,0.7400,0.8030,0.7286
German Credit,Attribute9,Male,Reweighing,Test,1,False,Surrogate,DecisionTreeClassifier,Female,1.0239,0.9827,0.9300,1.2536,0.7464,0.9300,0.7800,0.6900,0.7832,0.6167
German Credit,Attribute9,Male,Reweighing,Test,1,False,Surrogate,DecisionTreeClassifier,Male,0.9767,0.9827,1.0700,0.7464,0.7464,0.9300,0.7800,0.6900,0.7832,0.6167
German Credit,Attribute9,Male,Reweighing,Test,1,False,Surrogate,RandomForestClassifier,Female,1.0684,0.9504,1.0800,1.0718,0.9282,0.9200,0.8400,0.7400,0.8194,0.6714
German Credit,Attribute9,Male,Reweighing,Test,1,False,Surrogate,RandomForestClassifier,Male,0.9360,0.9504,0.9200,0.9282,0.9282,0.9200,0.8400,0.7400,0.8194,0.6714
German Credit,Attribute9,Male,Reweighing,Validation,1,False,Target,XGBClassifier,Female,0.8399,0.8770,1.1300,0.4593,0.4593,0.8700,0.7467,0.7700,0.8392,0.7119
German Credit,Attribute9,Male,Reweighing,Validation,1,False,Target,XGBClassifier,Male,1.1906,0.8770,0.8700,1.5407,0.4593,0.8700,0.7467,0.7700,0.8392,0.7119
German Credit,Attribute9,Male,Reweighing,Test,1,False,Target,XGBClassifier,Female,1.0038,0.9972,1.0600,0.9809,0.9809,0.9400,0.8333,0.7600,0.8333,0.6952
German Credit,Attribute9,Male,Reweighing,Test,1,False,Target,XGBClassifier,Male,0.9962,0.9972,0.9400,1.0191,0.9809,0.9400,0.8333,0.7600,0.8333,0.6952
German Credit,Attribute9,Male,Reweighing,Validation,2,False,Surrogate,LogisticRegression,Female,0.8561,0.8915,1.0800,0.6029,0.6029,0.9200,0.8700,0.7600,0.8310,0.7048
German Credit,Attribute9,Male,Reweighing,Validation,2,False,Surrogate,LogisticRegression,Male,1.1681,0.8915,0.9200,1.3971,0.6029,0.9200,0.8700,0.7600,0.8310,0.7048
German Credit,Attribute9,Male,Reweighing,Validation,2,False,Surrogate,SVC,Female,0.9602,0.9705,1.1700,0.6411,0.6411,0.8300,0.8367,0.7300,0.8112,0.6643
German Credit,Attribute9,Male,Reweighing,Validation,2,False,Surrogate,SVC,Male,1.0415,0.9705,0.8300,1.3589,0.6411,0.8300,0.8367,0.7300,0.8112,0.6643
German Credit,Attribute9,Male,Reweighing,Validation,2,False,Surrogate,GaussianNB,Female,1.0016,0.9991,1.1400,0.8134,0.8134,0.8600,0.8200,0.7000,0.7656,0.7000
German Credit,Attribute9,Male,Reweighing,Validation,2,False,Surrogate,GaussianNB,Male,0.9984,0.9991,0.8600,1.1866,0.8134,0.8600,0.8200,0.7000,0.7656,0.7000
German Credit,Attribute9,Male,Reweighing,Validation,2,False,Surrogate,DecisionTreeClassifier,Female,0.9892,0.9930,1.0700,0.9569,0.9569,0.9300,0.7433,0.7700,0.8296,0.7500
German Credit,Attribute9,Male,Reweighing,Validation,2,False,Surrogate,DecisionTreeClassifier,Male,1.0109,0.9930,0.9300,1.0431,0.9569,0.9300,0.7433,0.7700,0.8296,0.7500
German Credit,Attribute9,Male,Reweighing,Validation,2,False,Surrogate,RandomForestClassifier,Female,0.9845,0.9883,1.1300,0.7847,0.7847,0.8700,0.7733,0.7500,0.8276,0.6786
German Credit,Attribute9,Male,Reweighing,Validation,2,False,Surrogate,RandomForestClassifier,Male,1.0158,0.9883,0.8700,1.2153,0.7847,0.8700,0.7733,0.7500,0.8276,0.6786
German Credit,Attribute9,Male,Reweighing,Test,2,False,Surrogate,LogisticRegression,Female,0.8499,0.8803,0.9000,0.9282,0.9282,0.9000,0.8733,0.7600,0.8356,0.6857
German Credit,Attribute9,Male,Reweighing,Test,2,False,Surrogate,LogisticRegression,Male,1.1767,0.8803,1.1000,1.0718,0.9282,0.9000,0.8733,0.7600,0.8356,0.6857
German Credit,Attribute9,Male,Reweighing,Test,2,False,Surrogate,SVC,Female,1.0902,0.9360,1.1000,1.0718,0.9282,0.9000,0.8800,0.7300,0.8112,0.6643
German Credit,Attribute9,Male,Reweighing,Test,2,False,Surrogate,SVC,Male,0.9173,0.9360,0.9000,0.9282,0.9282,0.9000,0.8800,0.7300,0.8112,0.6643
German Credit,Attribute9,Male,Reweighing,Test,2,False,Surrogate,GaussianNB,Female,0.9106,0.9430,0.9900,0.9569,0.9569,0.9900,0.8633,0.7400,0.8030,0.7286
German Credit,Attribute9,Male,Reweighing,Test,2,False,Surrogate,GaussianNB,Male,1.0982,0.9430,1.0100,1.0431,0.9569,0.9900,0.8633,0.7400,0.8030,0.7286
German Credit,Attribute9,Male,Reweighing,Test,2,False,Surrogate,DecisionTreeClassifier,Female,0.8561,0.8915,0.9300,0.8756,0.8756,0.9300,0.7800,0.7000,0.7887,0.6333
German Credit,Attribute9,Male,Reweighing,Test,2,False,Surrogate,DecisionTreeClassifier,Male,1.1681,0.8915,1.0700,1.1244,0.8756,0.9300,0.7800,0.7000,0.7887,0.6333
German Credit,Attribute9,Male,Reweighing,Test,2,False,Surrogate,RandomForestClassifier,Female,1.0684,0.9504,1.0300,1.1627,0.8373,0.9700,0.8633,0.7200,0.8056,0.6476
German Credit,Attribute9,Male,Reweighing,Test,2,False,Surrogate,RandomForestClassifier,Male,0.9360,0.9504,0.9700,0.8373,0.8373,0.9700,0.8633,0.7200,0.8056,0.6476
German Credit,Attribute9,Male,Reweighing,Validation,2,False,Target,XGBClassifier,Female,0.8244,0.8626,1.0900,0.5120,0.5120,0.9100,0.7833,0.8000,0.8611,0.7429
German Credit,Attribute9,Male,Reweighing,Validation,2,False,Target,XGBClassifier,Male,1.2130,0.8626,0.9100,1.4880,0.5120,0.9100,0.7833,0.8000,0.8611,0.7429
German Credit,Attribute9,Male,Reweighing,Test,2,False,Target,XGBClassifier,Female,1.0701,0.9472,1.0900,1.0718,0.9282,0.9100,0.8633,0.7700,0.8435,0.6929
German Credit,Attribute9,Male,Reweighing,Test,2,False,Target,XGBClassifier,Male,0.9345,0.9472,0.9100,0.9282,0.9282,0.9100,0.8633,0.7700,0.8435,0.6929
German Credit,Attribute9,Female,DisparateImpactRemover,Validation,1,False,Surrogate,LogisticRegression,Female,1.0645,0.9570,1.1600,0.8900,0.8900,0.8400,0.8567,0.7200,0.7971,0.6762
German Credit,Attribute9,Female,DisparateImpactRemover,Validation,1,False,Surrogate,LogisticRegression,Male,0.9394,0.9570,0.8400,1.1100,0.8900,0.8400,0.8567,0.7200,0.7971,0.6762
German Credit,Attribute9,Female,DisparateImpactRemover,Validation,1,False,Surrogate,SVC,Female,1.0079,0.9939,1.1300,0.8230,0.8230,0.8700,0.8467,0.7300,0.8163,0.6452
German Credit,Attribute9,Female,DisparateImpactRemover,Validation,1,False,Surrogate,SVC,Male,0.9921,0.9939,0.8700,1.1770,0.8230,0.8700,0.8467,0.7300,0.8163,0.6452
German Credit,Attribute9,Female,DisparateImpactRemover,Validation,1,False,Surrogate,GaussianNB,Female,1.1430,0.9233,1.2500,0.8134,0.8134,0.7500,0.8300,0.6800,0.7460,0.6857
German Credit,Attribute9,Female,DisparateImpactRemover,Validation,1,False,Surrogate,GaussianNB,Male,0.8749,0.9233,0.7500,1.1866,0.8134,0.7500,0.8300,0.6800,0.7460,0.6857
German Credit,Attribute9,Female,DisparateImpactRemover,Validation,1,False,Surrogate,DecisionTreeClassifier,Female,1.0599,0.9635,1.1200,0.9426,0.9426,0.8800,0.7300,0.6800,0.7576,0.6571
German Credit,Attribute9,Female,DisparateImpactRemover,Validation,1,False,Surrogate,DecisionTreeClassifier,Male,0.9435,0.9635,0.8800,1.0574,0.9426,0.8800,0.7300,0.6800,0.7576,0.6571
German Credit,Attribute9,Female,DisparateImpactRemover,Validation,1,False,Surrogate,RandomForestClassifier,Female,0.9845,0.9883,1.1600,0.7464,0.7464,0.8400,0.7900,0.7900,0.8552,0.7262
German Credit,Attribute9,Female,DisparateImpactRemover,Validation,1,False,Surrogate,RandomForestClassifier,Male,1.0158,0.9883,0.8400,1.2536,0.7464,0.8400,0.7900,0.7900,0.8552,0.7262
German Credit,Attribute9,Female,DisparateImpactRemover,Test,1,False,Surrogate,LogisticRegression,Female,1.0273,0.9794,0.9900,1.1627,0.8373,0.9900,0.8667,0.7400,0.8219,0.6619
German Credit,Attribute9,Female,DisparateImpactRemover,Test,1,False,Surrogate,LogisticRegression,Male,0.9734,0.9794,1.0100,0.8373,0.8373,0.9900,0.8667,0.7400,0.8219,0.6619
German Credit,Attribute9,Female,DisparateImpactRemover,Test,1,False,Surrogate,SVC,Female,1.0499,0.9617,1.0200,1.1627,0.8373,0.9800,0.9067,0.7600,0.8378,0.6762
German Credit,Attribute9,Female,DisparateImpactRemover,Test,1,False,Surrogate,SVC,Male,0.9525,0.9617,0.9800,0.8373,0.8373,0.9800,0.9067,0.7600,0.8378,0.6762
German Credit,Attribute9,Female,DisparateImpactRemover,Test,1,False,Surrogate,GaussianNB,Female,1.2031,0.8911,1.1400,1.1531,0.8469,0.8600,0.8233,0.7100,0.7717,0.7167
German Credit,Attribute9,Female,DisparateImpactRemover,Test,1,False,Surrogate,GaussianNB,Male,0.8312,0.8911,0.8600,0.8469,0.8469,0.8600,0.8233,0.7100,0.7717,0.7167
German Credit,Attribute9,Female,DisparateImpactRemover,Test,1,False,Surrogate,DecisionTreeClassifier,Female,0.9194,0.9462,0.9100,1.0718,0.9282,0.9100,0.7933,0.6500,0.7407,0.6071
German Credit,Attribute9,Female,DisparateImpactRemover,Test,1,False,Surrogate,DecisionTreeClassifier,Male,1.0877,0.9462,1.0900,0.9282,0.9282,0.9100,0.7933,0.6500,0.7407,0.6071
German Credit,Attribute9,Female,DisparateImpactRemover,Test,1,False,Surrogate,RandomForestClassifier,Female,1.1593,0.8892,1.1200,1.1627,0.8373,0.8800,0.8767,0.7100,0.7972,0.6405
German Credit,Attribute9,Female,DisparateImpactRemover,Test,1,False,Surrogate,RandomForestClassifier,Male,0.8626,0.8892,0.8800,0.8373,0.8373,0.8800,0.8767,0.7100,0.7972,0.6405
German Credit,Attribute9,Female,DisparateImpactRemover,Validation,1,False,Target,XGBClassifier,Female,0.9194,0.9462,1.1400,0.6699,0.6699,0.8600,0.7667,0.7700,0.8296,0.7500
German Credit,Attribute9,Female,DisparateImpactRemover,Validation,1,False,Target,XGBClassifier,Male,1.0877,0.9462,0.8600,1.3301,0.6699,0.8600,0.7667,0.7700,0.8296,0.7500
German Credit,Attribute9,Female,DisparateImpactRemover,Test,1,False,Target,XGBClassifier,Female,1.0892,0.9392,1.1700,0.9426,0.9426,0.8300,0.8567,0.7600,0.8286,0.7143
German Credit,Attribute9,Female,DisparateImpactRemover,Test,1,False,Target,XGBClassifier,Male,0.9181,0.9392,0.8300,1.0574,0.9426,0.8300,0.8567,0.7600,0.8286,0.7143
German Credit,Attribute9,Female,DisparateImpactRemover,Validation,2,False,Surrogate,LogisticRegression,Female,1.0645,0.9570,1.1600,0.8900,0.8900,0.8400,0.8567,0.7200,0.7971,0.6762
German Credit,Attribute9,Female,DisparateImpactRemover,Validation,2,False,Surrogate,LogisticRegression,Male,0.9394,0.9570,0.8400,1.1100,0.8900,0.8400,0.8567,0.7200,0.7971,0.6762
German Credit,Attribute9,Female,DisparateImpactRemover,Validation,2,False,Surrogate,SVC,Female,1.0079,0.9939,1.1300,0.8230,0.8230,0.8700,0.8467,0.7300,0.8163,0.6452
German Credit,Attribute9,Female,DisparateImpactRemover,Validation,2,False,Surrogate,SVC,Male,0.9921,0.9939,0.8700,1.1770,0.8230,0.8700,0.8467,0.7300,0.8163,0.6452
German Credit,Attribute9,Female,DisparateImpactRemover,Validation,2,False,Surrogate,GaussianNB,Female,1.1430,0.9233,1.2500,0.8134,0.8134,0.7500,0.8300,0.6800,0.7460,0.6857
German Credit,Attribute9,Female,DisparateImpactRemover,Validation,2,False,Surrogate,GaussianNB,Male,0.8749,0.9233,0.7500,1.1866,0.8134,0.7500,0.8300,0.6800,0.7460,0.6857
German Credit,Attribute9,Female,DisparateImpactRemover,Validation,2,False,Surrogate,DecisionTreeClassifier,Female,1.0599,0.9635,1.1200,0.9426,0.9426,0.8800,0.7300,0.6800,0.7576,0.6571
German Credit,Attribute9,Female,DisparateImpactRemover,Validation,2,False,Surrogate,DecisionTreeClassifier,Male,0.9435,0.9635,0.8800,1.0574,0.9426,0.8800,0.7300,0.6800,0.7576,0.6571
German Credit,Attribute9,Female,DisparateImpactRemover,Validation,2,False,Surrogate,RandomForestClassifier,Female,0.9845,0.9883,1.1600,0.7464,0.7464,0.8400,0.7900,0.7900,0.8552,0.7262
German Credit,Attribute9,Female,DisparateImpactRemover,Validation,2,False,Surrogate,RandomForestClassifier,Male,1.0158,0.9883,0.8400,1.2536,0.7464,0.8400,0.7900,0.7900,0.8552,0.7262
German Credit,Attribute9,Female,DisparateImpactRemover,Test,2,False,Surrogate,LogisticRegression,Female,1.0273,0.9794,0.9900,1.1627,0.8373,0.9900,0.8667,0.7400,0.8219,0.6619
German Credit,Attribute9,Female,DisparateImpactRemover,Test,2,False,Surrogate,LogisticRegression,Male,0.9734,0.9794,1.0100,0.8373,0.8373,0.9900,0.8667,0.7400,0.8219,0.6619
German Credit,Attribute9,Female,DisparateImpactRemover,Test,2,False,Surrogate,SVC,Female,1.0499,0.9617,1.0200,1.1627,0.8373,0.9800,0.9067,0.7600,0.8378,0.6762
German Credit,Attribute9,Female,DisparateImpactRemover,Test,2,False,Surrogate,SVC,Male,0.9525,0.9617,0.9800,0.8373,0.8373,0.9800,0.9067,0.7600,0.8378,0.6762
German Credit,Attribute9,Female,DisparateImpactRemover,Test,2,False,Surrogate,GaussianNB,Female,1.2031,0.8911,1.1400,1.1531,0.8469,0.8600,0.8233,0.7100,0.7717,0.7167
German Credit,Attribute9,Female,DisparateImpactRemover,Test,2,False,Surrogate,GaussianNB,Male,0.8312,0.8911,0.8600,0.8469,0.8469,0.8600,0.8233,0.7100,0.7717,0.7167
German Credit,Attribute9,Female,DisparateImpactRemover,Test,2,False,Surrogate,DecisionTreeClassifier,Female,0.9194,0.9462,0.9100,1.0718,0.9282,0.9100,0.7933,0.6500,0.7407,0.6071
German Credit,Attribute9,Female,DisparateImpactRemover,Test,2,False,Surrogate,DecisionTreeClassifier,Male,1.0877,0.9462,1.0900,0.9282,0.9282,0.9100,0.7933,0.6500,0.7407,0.6071
German Credit,Attribute9,Female,DisparateImpactRemover,Test,2,False,Surrogate,RandomForestClassifier,Female,1.1593,0.8892,1.1200,1.1627,0.8373,0.8800,0.8767,0.7100,0.7972,0.6405
German Credit,Attribute9,Female,DisparateImpactRemover,Test,2,False,Surrogate,RandomForestClassifier,Male,0.8626,0.8892,0.8800,0.8373,0.8373,0.8800,0.8767,0.7100,0.7972,0.6405
German Credit,Attribute9,Female,DisparateImpactRemover,Validation,2,False,Target,XGBClassifier,Female,0.9194,0.9462,1.1400,0.6699,0.6699,0.8600,0.7667,0.7700,0.8296,0.7500
German Credit,Attribute9,Female,DisparateImpactRemover,Validation,2,False,Target,XGBClassifier,Male,1.0877,0.9462,0.8600,1.3301,0.6699,0.8600,0.7667,0.7700,0.8296,0.7500
German Credit,Attribute9,Female,DisparateImpactRemover,Test,2,False,Target,XGBClassifier,Female,1.0892,0.9392,1.1700,0.9426,0.9426,0.8300,0.8567,0.7600,0.8286,0.7143
German Credit,Attribute9,Female,DisparateImpactRemover,Test,2,False,Target,XGBClassifier,Male,0.9181,0.9392,0.8300,1.0574,0.9426,0.8300,0.8567,0.7600,0.8286,0.7143
German Credit,Attribute9,Male,DisparateImpactRemover,Validation,1,False,Surrogate,LogisticRegression,Female,0.7949,0.8336,1.0800,0.3923,0.3923,0.9200,0.8500,0.7200,0.8082,0.6381
German Credit,Attribute9,Male,DisparateImpactRemover,Validation,1,False,Surrogate,LogisticRegression,Male,1.2580,0.8336,0.9200,1.6077,0.3923,0.9200,0.8500,0.7200,0.8082,0.6381
German Credit,Attribute9,Male,DisparateImpactRemover,Validation,1,False,Surrogate,SVC,Female,0.8347,0.8658,1.0400,0.5885,0.5885,0.9600,0.8500,0.7500,0.8299,0.6690
German Credit,Attribute9,Male,DisparateImpactRemover,Validation,1,False,Surrogate,SVC,Male,1.1981,0.8658,0.9600,1.4115,0.5885,0.9600,0.8500,0.7500,0.8299,0.6690
German Credit,Attribute9,Male,DisparateImpactRemover,Validation,1,False,Surrogate,GaussianNB,Female,0.9539,0.9719,1.1700,0.6699,0.6699,0.8300,0.8500,0.7200,0.7846,0.7143
German Credit,Attribute9,Male,DisparateImpactRemover,Validation,1,False,Surrogate,GaussianNB,Male,1.0483,0.9719,0.8300,1.3301,0.6699,0.8300,0.8500,0.7200,0.7846,0.7143
German Credit,Attribute9,Male,DisparateImpactRemover,Validation,1,False,Surrogate,DecisionTreeClassifier,Female,0.8998,0.9317,1.0800,0.6938,0.6938,0.9200,0.7367,0.6800,0.7647,0.6381
German Credit,Attribute9,Male,DisparateImpactRemover,Validation,1,False,Surrogate,DecisionTreeClassifier,Male,1.1114,0.9317,0.9200,1.3062,0.6938,0.9200,0.7367,0.6800,0.7647,0.6381
German Credit,Attribute9,Male,DisparateImpactRemover,Validation,1,False,Surrogate,RandomForestClassifier,Female,0.8903,0.9126,1.1400,0.5502,0.5502,0.8600,0.8367,0.7900,0.8571,0.7167
German Credit,Attribute9,Male,DisparateImpactRemover,Validation,1,False,Surrogate,RandomForestClassifier,Male,1.1232,0.9126,0.8600,1.4498,0.5502,0.8600,0.8367,0.7900,0.8571,0.7167
German Credit,Attribute9,Male,DisparateImpactRemover,Test,1,False,Surrogate,LogisticRegression,Female,0.8200,0.8513,0.8800,0.8756,0.8756,0.8800,0.8800,0.7600,0.8378,0.6762
German Credit,Attribute9,Male,DisparateImpactRemover,Test,1,False,Surrogate,LogisticRegression,Male,1.2195,0.8513,1.1200,1.1244,0.8756,0.8800,0.8800,0.7600,0.8378,0.6762
German Credit,Attribute9,Male,DisparateImpactRemover,Test,1,False,Surrogate,SVC,Female,0.9713,0.9771,1.0000,1.0191,0.9809,1.0000,0.8967,0.7700,0.8456,0.6833
German Credit,Attribute9,Male,DisparateImpactRemover,Test,1,False,Surrogate,SVC,Male,1.0296,0.9771,1.0000,0.9809,0.9809,1.0000,0.8967,0.7700,0.8456,0.6833
German Credit,Attribute9,Male,DisparateImpactRemover,Test,1,False,Surrogate,GaussianNB,Female,0.7577,0.8350,0.8700,0.8517,0.8517,0.8700,0.8467,0.7100,0.7820,0.6881
German Credit,Attribute9,Male,DisparateImpactRemover,Test,1,False,Surrogate,GaussianNB,Male,1.3197,0.8350,1.1300,1.1483,0.8517,0.8700,0.8467,0.7100,0.7820,0.6881
German Credit,Attribute9,Male,DisparateImpactRemover,Test,1,False,Surrogate,DecisionTreeClassifier,Female,0.9738,0.9818,0.9400,1.1100,0.8900,0.9400,0.8067,0.6500,0.7482,0.5881
German Credit,Attribute9,Male,DisparateImpactRemover,Test,1,False,Surrogate,DecisionTreeClassifier,Male,1.0269,0.9818,1.0600,0.8900,0.8900,0.9400,0.8067,0.6500,0.7482,0.5881
German Credit,Attribute9,Male,DisparateImpactRemover,Test,1,False,Surrogate,RandomForestClassifier,Female,0.9993,0.9995,1.0500,0.9809,0.9809,0.9500,0.8500,0.7300,0.8085,0.6738
German Credit,Attribute9,Male,DisparateImpactRemover,Test,1,False,Surrogate,RandomForestClassifier,Male,1.0007,0.9995,0.9500,1.0191,0.9809,0.9500,0.8500,0.7300,0.8085,0.6738
German Credit,Attribute9,Male,DisparateImpactRemover,Validation,1,False,Target,XGBClassifier,Female,0.8903,0.9205,1.1300,0.6172,0.6172,0.8700,0.7667,0.8000,0.8571,0.7619
German Credit,Attribute9,Male,DisparateImpactRemover,Validation,1,False,Target,XGBClassifier,Male,1.1232,0.9205,0.8700,1.3828,0.6172,0.8700,0.7667,0.8000,0.8571,0.7619
German Credit,Attribute9,Male,DisparateImpactRemover,Test,1,False,Target,XGBClassifier,Female,1.0448,0.9682,1.1700,0.8373,0.8373,0.8300,0.8633,0.7400,0.8169,0.6810
German Credit,Attribute9,Male,DisparateImpactRemover,Test,1,False,Target,XGBClassifier,Male,0.9572,0.9682,0.8300,1.1627,0.8373,0.8300,0.8633,0.7400,0.8169,0.6810
German Credit,Attribute9,Male,DisparateImpactRemover,Validation,2,False,Surrogate,LogisticRegression,Female,0.7949,0.8336,1.0800,0.3923,0.3923,0.9200,0.8500,0.7200,0.8082,0.6381
German Credit,Attribute9,Male,DisparateImpactRemover,Validation,2,False,Surrogate,LogisticRegression,Male,1.2580,0.8336,0.9200,1.6077,0.3923,0.9200,0.8500,0.7200,0.8082,0.6381
German Credit,Attribute9,Male,DisparateImpactRemover,Validation,2,False,Surrogate,SVC,Female,0.8347,0.8658,1.0400,0.5885,0.5885,0.9600,0.8500,0.7500,0.8299,0.6690
German Credit,Attribute9,Male,DisparateImpactRemover,Validation,2,False,Surrogate,SVC,Male,1.1981,0.8658,0.9600,1.4115,0.5885,0.9600,0.8500,0.7500,0.8299,0.6690
German Credit,Attribute9,Male,DisparateImpactRemover,Validation,2,False,Surrogate,GaussianNB,Female,0.9539,0.9719,1.1700,0.6699,0.6699,0.8300,0.8500,0.7200,0.7846,0.7143
German Credit,Attribute9,Male,DisparateImpactRemover,Validation,2,False,Surrogate,GaussianNB,Male,1.0483,0.9719,0.8300,1.3301,0.6699,0.8300,0.8500,0.7200,0.7846,0.7143
German Credit,Attribute9,Male,DisparateImpactRemover,Validation,2,False,Surrogate,DecisionTreeClassifier,Female,0.8998,0.9317,1.0800,0.6938,0.6938,0.9200,0.7367,0.6800,0.7647,0.6381
German Credit,Attribute9,Male,DisparateImpactRemover,Validation,2,False,Surrogate,DecisionTreeClassifier,Male,1.1114,0.9317,0.9200,1.3062,0.6938,0.9200,0.7367,0.6800,0.7647,0.6381
German Credit,Attribute9,Male,DisparateImpactRemover,Validation,2,False,Surrogate,RandomForestClassifier,Female,0.8903,0.9126,1.1400,0.5502,0.5502,0.8600,0.8367,0.7900,0.8571,0.7167
German Credit,Attribute9,Male,DisparateImpactRemover,Validation,2,False,Surrogate,RandomForestClassifier,Male,1.1232,0.9126,0.8600,1.4498,0.5502,0.8600,0.8367,0.7900,0.8571,0.7167
German Credit,Attribute9,Male,DisparateImpactRemover,Test,2,False,Surrogate,LogisticRegression,Female,0.8200,0.8513,0.8800,0.8756,0.8756,0.8800,0.8800,0.7600,0.8378,0.6762
German Credit,Attribute9,Male,DisparateImpactRemover,Test,2,False,Surrogate,LogisticRegression,Male,1.2195,0.8513,1.1200,1.1244,0.8756,0.8800,0.8800,0.7600,0.8378,0.6762
German Credit,Attribute9,Male,DisparateImpactRemover,Test,2,False,Surrogate,SVC,Female,0.9713,0.9771,1.0000,1.0191,0.9809,1.0000,0.8967,0.7700,0.8456,0.6833
German Credit,Attribute9,Male,DisparateImpactRemover,Test,2,False,Surrogate,SVC,Male,1.0296,0.9771,1.0000,0.9809,0.9809,1.0000,0.8967,0.7700,0.8456,0.6833
German Credit,Attribute9,Male,DisparateImpactRemover,Test,2,False,Surrogate,GaussianNB,Female,0.7577,0.8350,0.8700,0.8517,0.8517,0.8700,0.8467,0.7100,0.7820,0.6881
German Credit,Attribute9,Male,DisparateImpactRemover,Test,2,False,Surrogate,GaussianNB,Male,1.3197,0.8350,1.1300,1.1483,0.8517,0.8700,0.8467,0.7100,0.7820,0.6881
German Credit,Attribute9,Male,DisparateImpactRemover,Test,2,False,Surrogate,DecisionTreeClassifier,Female,0.9738,0.9818,0.9400,1.1100,0.8900,0.9400,0.8067,0.6500,0.7482,0.5881
German Credit,Attribute9,Male,DisparateImpactRemover,Test,2,False,Surrogate,DecisionTreeClassifier,Male,1.0269,0.9818,1.0600,0.8900,0.8900,0.9400,0.8067,0.6500,0.7482,0.5881
German Credit,Attribute9,Male,DisparateImpactRemover,Test,2,False,Surrogate,RandomForestClassifier,Female,0.9993,0.9995,1.0500,0.9809,0.9809,0.9500,0.8500,0.7300,0.8085,0.6738
German Credit,Attribute9,Male,DisparateImpactRemover,Test,2,False,Surrogate,RandomForestClassifier,Male,1.0007,0.9995,0.9500,1.0191,0.9809,0.9500,0.8500,0.7300,0.8085,0.6738
German Credit,Attribute9,Male,DisparateImpactRemover,Validation,2,False,Target,XGBClassifier,Female,0.8903,0.9205,1.1300,0.6172,0.6172,0.8700,0.7667,0.8000,0.8571,0.7619
German Credit,Attribute9,Male,DisparateImpactRemover,Validation,2,False,Target,XGBClassifier,Male,1.1232,0.9205,0.8700,1.3828,0.6172,0.8700,0.7667,0.8000,0.8571,0.7619
German Credit,Attribute9,Male,DisparateImpactRemover,Test,2,False,Target,XGBClassifier,Female,1.0448,0.9682,1.1700,0.8373,0.8373,0.8300,0.8633,0.7400,0.8169,0.6810
German Credit,Attribute9,Male,DisparateImpactRemover,Test,2,False,Target,XGBClassifier,Male,0.9572,0.9682,0.8300,1.1627,0.8373,0.8300,0.8633,0.7400,0.8169,0.6810
German Credit,Attribute9,Female,LexicographicGeneticAlgorithmFairFeatureSelection,Validation,1,False,Surrogate,LogisticRegression,Female,0.8499,0.8803,1.0300,0.6268,0.6268,0.9700,0.8767,0.7000,0.7945,0.6143
German Credit,Attribute9,Female,LexicographicGeneticAlgorithmFairFeatureSelection,Validation,1,False,Surrogate,LogisticRegression,Male,1.1767,0.8803,0.9700,1.3732,0.6268,0.9700,0.8767,0.7000,0.7945,0.6143
German Credit,Attribute9,Female,LexicographicGeneticAlgorithmFairFeatureSelection,Validation,1,False,Surrogate,SVC,Female,0.9308,0.9448,1.0600,0.7703,0.7703,0.9400,0.8667,0.7200,0.8108,0.6286
German Credit,Attribute9,Female,LexicographicGeneticAlgorithmFairFeatureSelection,Validation,1,False,Surrogate,SVC,Male,1.0744,0.9448,0.9400,1.2297,0.7703,0.9400,0.8667,0.7200,0.8108,0.6286
German Credit,Attribute9,Female,LexicographicGeneticAlgorithmFairFeatureSelection,Validation,1,False,Surrogate,GaussianNB,Female,0.9702,0.9832,1.1400,0.7751,0.7751,0.8600,0.8567,0.7200,0.7778,0.7333
German Credit,Attribute9,Female,LexicographicGeneticAlgorithmFairFeatureSelection,Validation,1,False,Surrogate,GaussianNB,Male,1.0307,0.9832,0.8600,1.2249,0.7751,0.8600,0.8567,0.7200,0.7778,0.7333
German Credit,Attribute9,Female,LexicographicGeneticAlgorithmFairFeatureSelection,Validation,1,False,Surrogate,DecisionTreeClassifier,Female,1.0892,0.9392,1.1900,0.8900,0.8900,0.8100,0.7633,0.7400,0.8143,0.6905
German Credit,Attribute9,Female,LexicographicGeneticAlgorithmFairFeatureSelection,Validation,1,False,Surrogate,DecisionTreeClassifier,Male,0.9181,0.9392,0.8100,1.1100,0.8900,0.8100,0.7633,0.7400,0.8143,0.6905
German Credit,Attribute9,Female,LexicographicGeneticAlgorithmFairFeatureSelection,Validation,1,False,Surrogate,RandomForestClassifier,Female,0.8903,0.9126,1.0600,0.6794,0.6794,0.9400,0.8500,0.7300,0.8163,0.6452
German Credit,Attribute9,Female,LexicographicGeneticAlgorithmFairFeatureSelection,Validation,1,False,Surrogate,RandomForestClassifier,Male,1.1232,0.9126,0.9400,1.3206,0.6794,0.9400,0.8500,0.7300,0.8163,0.6452
German Credit,Attribute9,Female,LexicographicGeneticAlgorithmFairFeatureSelection,Test,1,False,Surrogate,LogisticRegression,Female,0.9762,0.9804,0.9100,1.2010,0.7990,0.9100,0.8933,0.7600,0.8421,0.6571
German Credit,Attribute9,Female,LexicographicGeneticAlgorithmFairFeatureSelection,Test,1,False,Surrogate,LogisticRegression,Male,1.0243,0.9804,1.0900,0.7990,0.7990,0.9100,0.8933,0.7600,0.8421,0.6571
German Credit,Attribute9,Female,LexicographicGeneticAlgorithmFairFeatureSelection,Test,1,False,Surrogate,SVC,Female,1.1331,0.8939,1.0000,1.3828,0.6172,1.0000,0.9167,0.7300,0.8235,0.6167
German Credit,Attribute9,Female,LexicographicGeneticAlgorithmFairFeatureSelection,Test,1,False,Surrogate,SVC,Male,0.8825,0.8939,1.0000,0.6172,0.6172,1.0000,0.9167,0.7300,0.8235,0.6167
German Credit,Attribute9,Female,LexicographicGeneticAlgorithmFairFeatureSelection,Test,1,False,Surrogate,GaussianNB,Female,0.9772,0.9864,1.0500,0.9569,0.9569,0.9500,0.8400,0.7100,0.7752,0.7071
German Credit,Attribute9,Female,LexicographicGeneticAlgorithmFairFeatureSelection,Test,1,False,Surrogate,GaussianNB,Male,1.0233,0.9864,0.9500,1.0431,0.9569,0.9500,0.8400,0.7100,0.7752,0.7071
German Credit,Attribute9,Female,LexicographicGeneticAlgorithmFairFeatureSelection,Test,1,False,Surrogate,DecisionTreeClassifier,Female,0.9945,0.9963,0.9400,1.1627,0.8373,0.9400,0.7467,0.6600,0.7536,0.6048
German Credit,Attribute9,Female,LexicographicGeneticAlgorithmFairFeatureSelection,Test,1,False,Surrogate,DecisionTreeClassifier,Male,1.0055,0.9963,1.0600,0.8373,0.8373,0.9400,0.7467,0.6600,0.7536,0.6048
German Credit,Attribute9,Female,LexicographicGeneticAlgorithmFairFeatureSelection,Test,1,False,Surrogate,RandomForestClassifier,Female,1.0474,0.9649,1.0900,0.9522,0.9522,0.9100,0.8267,0.6500,0.7586,0.5595
German Credit,Attribute9,Female,LexicographicGeneticAlgorithmFairFeatureSelection,Test,1,False,Surrogate,RandomForestClassifier,Male,0.9547,0.9649,0.9100,1.0478,0.9522,0.9100,0.8267,0.6500,0.7586,0.5595
German Credit,Attribute9,Female,LexicographicGeneticAlgorithmFairFeatureSelection,Validation,1,False,Target,XGBClassifier,Female,1.0919,0.9294,1.1500,0.9522,0.9522,0.8500,0.8567,0.6900,0.7919,0.5881
German Credit,Attribute9,Female,LexicographicGeneticAlgorithmFairFeatureSelection,Validation,1,False,Target,XGBClassifier,Male,0.9158,0.9294,0.8500,1.0478,0.9522,0.8500,0.8567,0.6900,0.7919,0.5881
German Credit,Attribute9,Female,LexicographicGeneticAlgorithmFairFeatureSelection,Test,1,False,Target,XGBClassifier,Female,0.9945,0.9963,1.0400,0.9809,0.9809,0.9600,0.7800,0.7000,0.7826,0.6524
German Credit,Attribute9,Female,LexicographicGeneticAlgorithmFairFeatureSelection,Test,1,False,Target,XGBClassifier,Male,1.0055,0.9963,0.9600,1.0191,0.9809,0.9600,0.7800,0.7000,0.7826,0.6524
German Credit,Attribute9,Female,LexicographicGeneticAlgorithmFairFeatureSelection,Validation,2,False,Surrogate,LogisticRegression,Female,0.8499,0.8803,1.0300,0.6268,0.6268,0.9700,0.8767,0.7000,0.7945,0.6143
German Credit,Attribute9,Female,LexicographicGeneticAlgorithmFairFeatureSelection,Validation,2,False,Surrogate,LogisticRegression,Male,1.1767,0.8803,0.9700,1.3732,0.6268,0.9700,0.8767,0.7000,0.7945,0.6143
German Credit,Attribute9,Female,LexicographicGeneticAlgorithmFairFeatureSelection,Validation,2,False,Surrogate,SVC,Female,0.9308,0.9448,1.0600,0.7703,0.7703,0.9400,0.8667,0.7200,0.8108,0.6286
German Credit,Attribute9,Female,LexicographicGeneticAlgorithmFairFeatureSelection,Validation,2,False,Surrogate,SVC,Male,1.0744,0.9448,0.9400,1.2297,0.7703,0.9400,0.8667,0.7200,0.8108,0.6286
German Credit,Attribute9,Female,LexicographicGeneticAlgorithmFairFeatureSelection,Validation,2,False,Surrogate,GaussianNB,Female,0.9702,0.9832,1.1400,0.7751,0.7751,0.8600,0.8567,0.7200,0.7778,0.7333
German Credit,Attribute9,Female,LexicographicGeneticAlgorithmFairFeatureSelection,Validation,2,False,Surrogate,GaussianNB,Male,1.0307,0.9832,0.8600,1.2249,0.7751,0.8600,0.8567,0.7200,0.7778,0.7333
German Credit,Attribute9,Female,LexicographicGeneticAlgorithmFairFeatureSelection,Validation,2,False,Surrogate,DecisionTreeClassifier,Female,1.0892,0.9392,1.1900,0.8900,0.8900,0.8100,0.7633,0.7400,0.8143,0.6905
German Credit,Attribute9,Female,LexicographicGeneticAlgorithmFairFeatureSelection,Validation,2,False,Surrogate,DecisionTreeClassifier,Male,0.9181,0.9392,0.8100,1.1100,0.8900,0.8100,0.7633,0.7400,0.8143,0.6905
German Credit,Attribute9,Female,LexicographicGeneticAlgorithmFairFeatureSelection,Validation,2,False,Surrogate,RandomForestClassifier,Female,0.8903,0.9126,1.0600,0.6794,0.6794,0.9400,0.8500,0.7300,0.8163,0.6452
German Credit,Attribute9,Female,LexicographicGeneticAlgorithmFairFeatureSelection,Validation,2,False,Surrogate,RandomForestClassifier,Male,1.1232,0.9126,0.9400,1.3206,0.6794,0.9400,0.8500,0.7300,0.8163,0.6452
German Credit,Attribute9,Female,LexicographicGeneticAlgorithmFairFeatureSelection,Test,2,False,Surrogate,LogisticRegression,Female,0.9762,0.9804,0.9100,1.2010,0.7990,0.9100,0.8933,0.7600,0.8421,0.6571
German Credit,Attribute9,Female,LexicographicGeneticAlgorithmFairFeatureSelection,Test,2,False,Surrogate,LogisticRegression,Male,1.0243,0.9804,1.0900,0.7990,0.7990,0.9100,0.8933,0.7600,0.8421,0.6571
German Credit,Attribute9,Female,LexicographicGeneticAlgorithmFairFeatureSelection,Test,2,False,Surrogate,SVC,Female,1.1331,0.8939,1.0000,1.3828,0.6172,1.0000,0.9167,0.7300,0.8235,0.6167
German Credit,Attribute9,Female,LexicographicGeneticAlgorithmFairFeatureSelection,Test,2,False,Surrogate,SVC,Male,0.8825,0.8939,1.0000,0.6172,0.6172,1.0000,0.9167,0.7300,0.8235,0.6167
German Credit,Attribute9,Female,LexicographicGeneticAlgorithmFairFeatureSelection,Test,2,False,Surrogate,GaussianNB,Female,0.9772,0.9864,1.0500,0.9569,0.9569,0.9500,0.8400,0.7100,0.7752,0.7071
German Credit,Attribute9,Female,LexicographicGeneticAlgorithmFairFeatureSelection,Test,2,False,Surrogate,GaussianNB,Male,1.0233,0.9864,0.9500,1.0431,0.9569,0.9500,0.8400,0.7100,0.7752,0.7071
German Credit,Attribute9,Female,LexicographicGeneticAlgorithmFairFeatureSelection,Test,2,False,Surrogate,DecisionTreeClassifier,Female,0.9945,0.9963,0.9400,1.1627,0.8373,0.9400,0.7467,0.6600,0.7536,0.6048
German Credit,Attribute9,Female,LexicographicGeneticAlgorithmFairFeatureSelection,Test,2,False,Surrogate,DecisionTreeClassifier,Male,1.0055,0.9963,1.0600,0.8373,0.8373,0.9400,0.7467,0.6600,0.7536,0.6048
German Credit,Attribute9,Female,LexicographicGeneticAlgorithmFairFeatureSelection,Test,2,False,Surrogate,RandomForestClassifier,Female,1.0474,0.9649,1.0900,0.9522,0.9522,0.9100,0.8267,0.6500,0.7586,0.5595
German Credit,Attribute9,Female,LexicographicGeneticAlgorithmFairFeatureSelection,Test,2,False,Surrogate,RandomForestClassifier,Male,0.9547,0.9649,0.9100,1.0478,0.9522,0.9100,0.8267,0.6500,0.7586,0.5595
German Credit,Attribute9,Female,LexicographicGeneticAlgorithmFairFeatureSelection,Validation,2,False,Target,XGBClassifier,Female,1.0919,0.9294,1.1500,0.9522,0.9522,0.8500,0.8567,0.6900,0.7919,0.5881
German Credit,Attribute9,Female,LexicographicGeneticAlgorithmFairFeatureSelection,Validation,2,False,Target,XGBClassifier,Male,0.9158,0.9294,0.8500,1.0478,0.9522,0.8500,0.8567,0.6900,0.7919,0.5881
German Credit,Attribute9,Female,LexicographicGeneticAlgorithmFairFeatureSelection,Test,2,False,Target,XGBClassifier,Female,0.9945,0.9963,1.0400,0.9809,0.9809,0.9600,0.7800,0.7000,0.7826,0.6524
German Credit,Attribute9,Female,LexicographicGeneticAlgorithmFairFeatureSelection,Test,2,False,Target,XGBClassifier,Male,1.0055,0.9963,0.9600,1.0191,0.9809,0.9600,0.7800,0.7000,0.7826,0.6524
German Credit,Attribute9,Male,LexicographicGeneticAlgorithmFairFeatureSelection,Validation,1,False,Surrogate,LogisticRegression,Female,0.8989,0.9238,1.0400,0.7177,0.7177,0.9600,0.8633,0.6500,0.7552,0.5690
German Credit,Attribute9,Male,LexicographicGeneticAlgorithmFairFeatureSelection,Validation,1,False,Surrogate,LogisticRegression,Male,1.1125,0.9238,0.9600,1.2823,0.7177,0.9600,0.8633,0.6500,0.7552,0.5690
German Credit,Attribute9,Male,LexicographicGeneticAlgorithmFairFeatureSelection,Validation,1,False,Surrogate,SVC,Female,0.8499,0.8803,1.0100,0.6794,0.6794,0.9900,0.8900,0.7200,0.8082,0.6381
German Credit,Attribute9,Male,LexicographicGeneticAlgorithmFairFeatureSelection,Validation,1,False,Surrogate,SVC,Male,1.1767,0.8803,0.9900,1.3206,0.6794,0.9900,0.8900,0.7200,0.8082,0.6381
German Credit,Attribute9,Male,LexicographicGeneticAlgorithmFairFeatureSelection,Validation,1,False,Surrogate,GaussianNB,Female,0.7914,0.8640,1.0700,0.5120,0.5120,0.9300,0.8633,0.6700,0.7481,0.6500
German Credit,Attribute9,Male,LexicographicGeneticAlgorithmFairFeatureSelection,Validation,1,False,Surrogate,GaussianNB,Male,1.2636,0.8640,0.9300,1.4880,0.5120,0.9300,0.8633,0.6700,0.7481,0.6500
German Credit,Attribute9,Male,LexicographicGeneticAlgorithmFairFeatureSelection,Validation,1,False,Surrogate,DecisionTreeClassifier,Female,0.8458,0.8883,0.9700,0.7847,0.7847,0.9700,0.7567,0.6900,0.7770,0.6357
German Credit,Attribute9,Male,LexicographicGeneticAlgorithmFairFeatureSelection,Validation,1,False,Surrogate,DecisionTreeClassifier,Male,1.1823,0.8883,1.0300,1.2153,0.7847,0.9700,0.7567,0.6900,0.7770,0.6357
German Credit,Attribute9,Male,LexicographicGeneticAlgorithmFairFeatureSelection,Validation,1,False,Surrogate,RandomForestClassifier,Female,0.8133,0.8593,0.9300,0.7847,0.7847,0.9300,0.7967,0.7100,0.7943,0.6500
German Credit,Attribute9,Male,LexicographicGeneticAlgorithmFairFeatureSelection,Validation,1,False,Surrogate,RandomForestClassifier,Male,1.2296,0.8593,1.0700,1.2153,0.7847,0.9300,0.7967,0.7100,0.7943,0.6500
German Credit,Attribute9,Male,LexicographicGeneticAlgorithmFairFeatureSelection,Test,1,False,Surrogate,LogisticRegression,Female,0.9431,0.9514,0.9300,1.0431,0.9569,0.9300,0.8533,0.7200,0.8182,0.6000
German Credit,Attribute9,Male,LexicographicGeneticAlgorithmFairFeatureSelection,Test,1,False,Surrogate,LogisticRegression,Male,1.0603,0.9514,1.0700,0.9569,0.9569,0.9300,0.8533,0.7200,0.8182,0.6000
German Credit,Attribute9,Male,LexicographicGeneticAlgorithmFairFeatureSelection,Test,1,False,Surrogate,SVC,Female,0.9937,0.9949,1.0700,0.9139,0.9139,0.9300,0.8667,0.7500,0.8344,0.6500
German Credit,Attribute9,Male,LexicographicGeneticAlgorithmFairFeatureSelection,Test,1,False,Surrogate,SVC,Male,1.0064,0.9949,0.9300,1.0861,0.9139,0.9300,0.8667,0.7500,0.8344,0.6500
German Credit,Attribute9,Male,LexicographicGeneticAlgorithmFairFeatureSelection,Test,1,False,Surrogate,GaussianNB,Female,0.7914,0.8640,0.9100,0.8517,0.8517,0.9100,0.8633,0.6900,0.7634,0.6738
German Credit,Attribute9,Male,LexicographicGeneticAlgorithmFairFeatureSelection,Test,1,False,Surrogate,GaussianNB,Male,1.2636,0.8640,1.0900,1.1483,0.8517,0.9100,0.8633,0.6900,0.7634,0.6738
German Credit,Attribute9,Male,LexicographicGeneticAlgorithmFairFeatureSelection,Test,1,False,Surrogate,DecisionTreeClassifier,Female,0.8810,0.9173,1.0100,0.7847,0.7847,0.9900,0.7300,0.6700,0.7591,0.6214
German Credit,Attribute9,Male,LexicographicGeneticAlgorithmFairFeatureSelection,Test,1,False,Surrogate,DecisionTreeClassifier,Male,1.1350,0.9173,0.9900,1.2153,0.7847,0.9900,0.7300,0.6700,0.7591,0.6214
German Credit,Attribute9,Male,LexicographicGeneticAlgorithmFairFeatureSelection,Test,1,False,Surrogate,RandomForestClassifier,Female,0.9602,0.9705,1.1000,0.7847,0.7847,0.9000,0.7600,0.7300,0.8112,0.6643
German Credit,Attribute9,Male,LexicographicGeneticAlgorithmFairFeatureSelection,Test,1,False,Surrogate,RandomForestClassifier,Male,1.0415,0.9705,0.9000,1.2153,0.7847,0.9000,0.7600,0.7300,0.8112,0.6643
German Credit,Attribute9,Male,LexicographicGeneticAlgorithmFairFeatureSelection,Validation,1,False,Target,XGBClassifier,Female,0.9794,0.9850,1.1000,0.8373,0.8373,0.9000,0.7767,0.7400,0.8169,0.6810
German Credit,Attribute9,Male,LexicographicGeneticAlgorithmFairFeatureSelection,Validation,1,False,Target,XGBClassifier,Male,1.0211,0.9850,0.9000,1.1627,0.8373,0.9000,0.7767,0.7400,0.8169,0.6810
German Credit,Attribute9,Male,LexicographicGeneticAlgorithmFairFeatureSelection,Test,1,False,Target,XGBClassifier,Female,0.8244,0.8626,0.8700,0.9282,0.9282,0.8700,0.8000,0.7400,0.8194,0.6714
German Credit,Attribute9,Male,LexicographicGeneticAlgorithmFairFeatureSelection,Test,1,False,Target,XGBClassifier,Male,1.2130,0.8626,1.1300,1.0718,0.9282,0.8700,0.8000,0.7400,0.8194,0.6714
German Credit,Attribute9,Male,LexicographicGeneticAlgorithmFairFeatureSelection,Validation,2,False,Surrogate,LogisticRegression,Female,0.8989,0.9238,1.0400,0.7177,0.7177,0.9600,0.8633,0.6500,0.7552,0.5690
German Credit,Attribute9,Male,LexicographicGeneticAlgorithmFairFeatureSelection,Validation,2,False,Surrogate,LogisticRegression,Male,1.1125,0.9238,0.9600,1.2823,0.7177,0.9600,0.8633,0.6500,0.7552,0.5690
German Credit,Attribute9,Male,LexicographicGeneticAlgorithmFairFeatureSelection,Validation,2,False,Surrogate,SVC,Female,0.8499,0.8803,1.0100,0.6794,0.6794,0.9900,0.8900,0.7200,0.8082,0.6381
German Credit,Attribute9,Male,LexicographicGeneticAlgorithmFairFeatureSelection,Validation,2,False,Surrogate,SVC,Male,1.1767,0.8803,0.9900,1.3206,0.6794,0.9900,0.8900,0.7200,0.8082,0.6381
German Credit,Attribute9,Male,LexicographicGeneticAlgorithmFairFeatureSelection,Validation,2,False,Surrogate,GaussianNB,Female,0.7914,0.8640,1.0700,0.5120,0.5120,0.9300,0.8633,0.6700,0.7481,0.6500
German Credit,Attribute9,Male,LexicographicGeneticAlgorithmFairFeatureSelection,Validation,2,False,Surrogate,GaussianNB,Male,1.2636,0.8640,0.9300,1.4880,0.5120,0.9300,0.8633,0.6700,0.7481,0.6500
German Credit,Attribute9,Male,LexicographicGeneticAlgorithmFairFeatureSelection,Validation,2,False,Surrogate,DecisionTreeClassifier,Female,0.8458,0.8883,0.9700,0.7847,0.7847,0.9700,0.7567,0.6900,0.7770,0.6357
German Credit,Attribute9,Male,LexicographicGeneticAlgorithmFairFeatureSelection,Validation,2,False,Surrogate,DecisionTreeClassifier,Male,1.1823,0.8883,1.0300,1.2153,0.7847,0.9700,0.7567,0.6900,0.7770,0.6357
German Credit,Attribute9,Male,LexicographicGeneticAlgorithmFairFeatureSelection,Validation,2,False,Surrogate,RandomForestClassifier,Female,0.8133,0.8593,0.9300,0.7847,0.7847,0.9300,0.7967,0.7100,0.7943,0.6500
German Credit,Attribute9,Male,LexicographicGeneticAlgorithmFairFeatureSelection,Validation,2,False,Surrogate,RandomForestClassifier,Male,1.2296,0.8593,1.0700,1.2153,0.7847,0.9300,0.7967,0.7100,0.7943,0.6500
German Credit,Attribute9,Male,LexicographicGeneticAlgorithmFairFeatureSelection,Test,2,False,Surrogate,LogisticRegression,Female,0.9431,0.9514,0.9300,1.0431,0.9569,0.9300,0.8533,0.7200,0.8182,0.6000
German Credit,Attribute9,Male,LexicographicGeneticAlgorithmFairFeatureSelection,Test,2,False,Surrogate,LogisticRegression,Male,1.0603,0.9514,1.0700,0.9569,0.9569,0.9300,0.8533,0.7200,0.8182,0.6000
German Credit,Attribute9,Male,LexicographicGeneticAlgorithmFairFeatureSelection,Test,2,False,Surrogate,SVC,Female,0.9937,0.9949,1.0700,0.9139,0.9139,0.9300,0.8667,0.7500,0.8344,0.6500
German Credit,Attribute9,Male,LexicographicGeneticAlgorithmFairFeatureSelection,Test,2,False,Surrogate,SVC,Male,1.0064,0.9949,0.9300,1.0861,0.9139,0.9300,0.8667,0.7500,0.8344,0.6500
German Credit,Attribute9,Male,LexicographicGeneticAlgorithmFairFeatureSelection,Test,2,False,Surrogate,GaussianNB,Female,0.7914,0.8640,0.9100,0.8517,0.8517,0.9100,0.8633,0.6900,0.7634,0.6738
German Credit,Attribute9,Male,LexicographicGeneticAlgorithmFairFeatureSelection,Test,2,False,Surrogate,GaussianNB,Male,1.2636,0.8640,1.0900,1.1483,0.8517,0.9100,0.8633,0.6900,0.7634,0.6738
German Credit,Attribute9,Male,LexicographicGeneticAlgorithmFairFeatureSelection,Test,2,False,Surrogate,DecisionTreeClassifier,Female,0.8810,0.9173,1.0100,0.7847,0.7847,0.9900,0.7300,0.6700,0.7591,0.6214
German Credit,Attribute9,Male,LexicographicGeneticAlgorithmFairFeatureSelection,Test,2,False,Surrogate,DecisionTreeClassifier,Male,1.1350,0.9173,0.9900,1.2153,0.7847,0.9900,0.7300,0.6700,0.7591,0.6214
German Credit,Attribute9,Male,LexicographicGeneticAlgorithmFairFeatureSelection,Test,2,False,Surrogate,RandomForestClassifier,Female,0.9602,0.9705,1.1000,0.7847,0.7847,0.9000,0.7600,0.7300,0.8112,0.6643
German Credit,Attribute9,Male,LexicographicGeneticAlgorithmFairFeatureSelection,Test,2,False,Surrogate,RandomForestClassifier,Male,1.0415,0.9705,0.9000,1.2153,0.7847,0.9000,0.7600,0.7300,0.8112,0.6643
German Credit,Attribute9,Male,LexicographicGeneticAlgorithmFairFeatureSelection,Validation,2,False,Target,XGBClassifier,Female,0.9794,0.9850,1.1000,0.8373,0.8373,0.9000,0.7767,0.7400,0.8169,0.6810
German Credit,Attribute9,Male,LexicographicGeneticAlgorithmFairFeatureSelection,Validation,2,False,Target,XGBClassifier,Male,1.0211,0.9850,0.9000,1.1627,0.8373,0.9000,0.7767,0.7400,0.8169,0.6810
German Credit,Attribute9,Male,LexicographicGeneticAlgorithmFairFeatureSelection,Test,2,False,Target,XGBClassifier,Female,0.8244,0.8626,0.8700,0.9282,0.9282,0.8700,0.8000,0.7400,0.8194,0.6714
German Credit,Attribute9,Male,LexicographicGeneticAlgorithmFairFeatureSelection,Test,2,False,Target,XGBClassifier,Male,1.2130,0.8626,1.1300,1.0718,0.9282,0.8700,0.8000,0.7400,0.8194,0.6714
German Credit,Attribute9,Attribute9,MulticlassLexicographicGeneticAlgorithmFairFeatureSelection,Validation,1,False,Surrogate,LogisticRegression,Female,0.9239,0.9416,1.1200,0.6268,0.6268,0.8800,0.8600,0.6900,0.7862,0.6071
German Credit,Attribute9,Attribute9,MulticlassLexicographicGeneticAlgorithmFairFeatureSelection,Validation,1,False,Surrogate,LogisticRegression,Male,1.0823,0.9416,0.8800,1.3732,0.6268,0.8800,0.8600,0.6900,0.7862,0.6071
German Credit,Attribute9,Attribute9,MulticlassLexicographicGeneticAlgorithmFairFeatureSelection,Validation,1,False,Surrogate,SVC,Female,0.9480,0.9593,1.0800,0.7703,0.7703,0.9200,0.8933,0.7100,0.8027,0.6214
German Credit,Attribute9,Attribute9,MulticlassLexicographicGeneticAlgorithmFairFeatureSelection,Validation,1,False,Surrogate,SVC,Male,1.0548,0.9593,0.9200,1.2297,0.7703,0.9200,0.8933,0.7100,0.8027,0.6214
German Credit,Attribute9,Attribute9,MulticlassLexicographicGeneticAlgorithmFairFeatureSelection,Validation,1,False,Surrogate,GaussianNB,Female,0.8409,0.8962,1.0500,0.6555,0.6555,0.9500,0.8300,0.6800,0.7576,0.6571
German Credit,Attribute9,Attribute9,MulticlassLexicographicGeneticAlgorithmFairFeatureSelection,Validation,1,False,Surrogate,GaussianNB,Male,1.1893,0.8962,0.9500,1.3445,0.6555,0.9500,0.8300,0.6800,0.7576,0.6571
German Credit,Attribute9,Attribute9,MulticlassLexicographicGeneticAlgorithmFairFeatureSelection,Validation,1,False,Surrogate,DecisionTreeClassifier,Female,0.9085,0.9350,1.0800,0.6794,0.6794,0.9200,0.7500,0.6500,0.7482,0.5881
German Credit,Attribute9,Attribute9,MulticlassLexicographicGeneticAlgorithmFairFeatureSelection,Validation,1,False,Surrogate,DecisionTreeClassifier,Male,1.1007,0.9350,0.9200,1.3206,0.6794,0.9200,0.7500,0.6500,0.7482,0.5881
German Credit,Attribute9,Attribute9,MulticlassLexicographicGeneticAlgorithmFairFeatureSelection,Validation,1,False,Surrogate,RandomForestClassifier,Female,0.8399,0.8770,0.9800,0.7321,0.7321,0.9800,0.7867,0.7100,0.7972,0.6405
German Credit,Attribute9,Attribute9,MulticlassLexicographicGeneticAlgorithmFairFeatureSelection,Validation,1,False,Surrogate,RandomForestClassifier,Male,1.1906,0.8770,1.0200,1.2679,0.7321,0.9800,0.7867,0.7100,0.7972,0.6405
German Credit,Attribute9,Attribute9,MulticlassLexicographicGeneticAlgorithmFairFeatureSelection,Test,1,False,Surrogate,LogisticRegression,Female,0.8826,0.9014,0.9500,0.8612,0.8612,0.9500,0.8533,0.7300,0.8212,0.6262
German Credit,Attribute9,Attribute9,MulticlassLexicographicGeneticAlgorithmFairFeatureSelection,Test,1,False,Surrogate,LogisticRegression,Male,1.1330,0.9014,1.0500,1.1388,0.8612,0.9500,0.8533,0.7300,0.8212,0.6262
German Credit,Attribute9,Attribute9,MulticlassLexicographicGeneticAlgorithmFairFeatureSelection,Test,1,False,Surrogate,SVC,Female,1.0717,0.9439,1.1200,1.0191,0.9809,0.8800,0.8600,0.7800,0.8533,0.6905
German Credit,Attribute9,Attribute9,MulticlassLexicographicGeneticAlgorithmFairFeatureSelection,Test,1,False,Surrogate,SVC,Male,0.9331,0.9439,0.8800,0.9809,0.9809,0.8800,0.8600,0.7800,0.8533,0.6905
German Credit,Attribute9,Attribute9,MulticlassLexicographicGeneticAlgorithmFairFeatureSelection,Test,1,False,Surrogate,GaussianNB,Female,0.8094,0.8784,0.8900,0.9569,0.9569,0.8900,0.8500,0.7200,0.7846,0.7143
German Credit,Attribute9,Attribute9,MulticlassLexicographicGeneticAlgorithmFairFeatureSelection,Test,1,False,Surrogate,GaussianNB,Male,1.2355,0.8784,1.1100,1.0431,0.9569,0.8900,0.8500,0.7200,0.7846,0.7143
German Credit,Attribute9,Attribute9,MulticlassLexicographicGeneticAlgorithmFairFeatureSelection,Test,1,False,Surrogate,DecisionTreeClassifier,Female,1.0161,0.9892,1.1300,0.8373,0.8373,0.8700,0.7000,0.6900,0.7737,0.6452
German Credit,Attribute9,Attribute9,MulticlassLexicographicGeneticAlgorithmFairFeatureSelection,Test,1,False,Surrogate,DecisionTreeClassifier,Male,0.9841,0.9892,0.8700,1.1627,0.8373,0.8700,0.7000,0.6900,0.7737,0.6452
German Credit,Attribute9,Attribute9,MulticlassLexicographicGeneticAlgorithmFairFeatureSelection,Test,1,False,Surrogate,RandomForestClassifier,Female,1.1129,0.9149,1.1600,1.0191,0.9809,0.8400,0.7600,0.7600,0.8378,0.6762
German Credit,Attribute9,Attribute9,MulticlassLexicographicGeneticAlgorithmFairFeatureSelection,Test,1,False,Surrogate,RandomForestClassifier,Male,0.8986,0.9149,0.8400,0.9809,0.9809,0.8400,0.7600,0.7600,0.8378,0.6762
German Credit,Attribute9,Attribute9,MulticlassLexicographicGeneticAlgorithmFairFeatureSelection,Validation,1,False,Target,XGBClassifier,Female,0.9602,0.9705,1.0500,0.8756,0.8756,0.9500,0.7467,0.7100,0.7972,0.6405
German Credit,Attribute9,Attribute9,MulticlassLexicographicGeneticAlgorithmFairFeatureSelection,Validation,1,False,Target,XGBClassifier,Male,1.0415,0.9705,0.9500,1.1244,0.8756,0.9500,0.7467,0.7100,0.7972,0.6405
German Credit,Attribute9,Attribute9,MulticlassLexicographicGeneticAlgorithmFairFeatureSelection,Test,1,False,Target,XGBClassifier,Female,0.8903,0.9126,0.9700,0.8756,0.8756,0.9700,0.7800,0.7500,0.8299,0.6690
German Credit,Attribute9,Attribute9,MulticlassLexicographicGeneticAlgorithmFairFeatureSelection,Test,1,False,Target,XGBClassifier,Male,1.1232,0.9126,1.0300,1.1244,0.8756,0.9700,0.7800,0.7500,0.8299,0.6690
German Credit,Attribute9,Attribute9,MulticlassLexicographicGeneticAlgorithmFairFeatureSelection,Validation,2,False,Surrogate,LogisticRegression,Female,0.9239,0.9416,1.1200,0.6268,0.6268,0.8800,0.8600,0.6900,0.7862,0.6071
German Credit,Attribute9,Attribute9,MulticlassLexicographicGeneticAlgorithmFairFeatureSelection,Validation,2,False,Surrogate,LogisticRegression,Male,1.0823,0.9416,0.8800,1.3732,0.6268,0.8800,0.8600,0.6900,0.7862,0.6071
German Credit,Attribute9,Attribute9,MulticlassLexicographicGeneticAlgorithmFairFeatureSelection,Validation,2,False,Surrogate,SVC,Female,0.9480,0.9593,1.0800,0.7703,0.7703,0.9200,0.8933,0.7100,0.8027,0.6214
German Credit,Attribute9,Attribute9,MulticlassLexicographicGeneticAlgorithmFairFeatureSelection,Validation,2,False,Surrogate,SVC,Male,1.0548,0.9593,0.9200,1.2297,0.7703,0.9200,0.8933,0.7100,0.8027,0.6214
German Credit,Attribute9,Attribute9,MulticlassLexicographicGeneticAlgorithmFairFeatureSelection,Validation,2,False,Surrogate,GaussianNB,Female,0.8409,0.8962,1.0500,0.6555,0.6555,0.9500,0.8300,0.6800,0.7576,0.6571
German Credit,Attribute9,Attribute9,MulticlassLexicographicGeneticAlgorithmFairFeatureSelection,Validation,2,False,Surrogate,GaussianNB,Male,1.1893,0.8962,0.9500,1.3445,0.6555,0.9500,0.8300,0.6800,0.7576,0.6571
German Credit,Attribute9,Attribute9,MulticlassLexicographicGeneticAlgorithmFairFeatureSelection,Validation,2,False,Surrogate,DecisionTreeClassifier,Female,0.9085,0.9350,1.0800,0.6794,0.6794,0.9200,0.7500,0.6500,0.7482,0.5881
German Credit,Attribute9,Attribute9,MulticlassLexicographicGeneticAlgorithmFairFeatureSelection,Validation,2,False,Surrogate,DecisionTreeClassifier,Male,1.1007,0.9350,0.9200,1.3206,0.6794,0.9200,0.7500,0.6500,0.7482,0.5881
German Credit,Attribute9,Attribute9,MulticlassLexicographicGeneticAlgorithmFairFeatureSelection,Validation,2,False,Surrogate,RandomForestClassifier,Female,0.8399,0.8770,0.9800,0.7321,0.7321,0.9800,0.7867,0.7100,0.7972,0.6405
German Credit,Attribute9,Attribute9,MulticlassLexicographicGeneticAlgorithmFairFeatureSelection,Validation,2,False,Surrogate,RandomForestClassifier,Male,1.1906,0.8770,1.0200,1.2679,0.7321,0.9800,0.7867,0.7100,0.7972,0.6405
German Credit,Attribute9,Attribute9,MulticlassLexicographicGeneticAlgorithmFairFeatureSelection,Test,2,False,Surrogate,LogisticRegression,Female,0.8826,0.9014,0.9500,0.8612,0.8612,0.9500,0.8533,0.7300,0.8212,0.6262
German Credit,Attribute9,Attribute9,MulticlassLexicographicGeneticAlgorithmFairFeatureSelection,Test,2,False,Surrogate,LogisticRegression,Male,1.1330,0.9014,1.0500,1.1388,0.8612,0.9500,0.8533,0.7300,0.8212,0.6262
German Credit,Attribute9,Attribute9,MulticlassLexicographicGeneticAlgorithmFairFeatureSelection,Test,2,False,Surrogate,SVC,Female,1.0717,0.9439,1.1200,1.0191,0.9809,0.8800,0.8600,0.7800,0.8533,0.6905
German Credit,Attribute9,Attribute9,MulticlassLexicographicGeneticAlgorithmFairFeatureSelection,Test,2,False,Surrogate,SVC,Male,0.9331,0.9439,0.8800,0.9809,0.9809,0.8800,0.8600,0.7800,0.8533,0.6905
German Credit,Attribute9,Attribute9,MulticlassLexicographicGeneticAlgorithmFairFeatureSelection,Test,2,False,Surrogate,GaussianNB,Female,0.8094,0.8784,0.8900,0.9569,0.9569,0.8900,0.8500,0.7200,0.7846,0.7143
German Credit,Attribute9,Attribute9,MulticlassLexicographicGeneticAlgorithmFairFeatureSelection,Test,2,False,Surrogate,GaussianNB,Male,1.2355,0.8784,1.1100,1.0431,0.9569,0.8900,0.8500,0.7200,0.7846,0.7143
German Credit,Attribute9,Attribute9,MulticlassLexicographicGeneticAlgorithmFairFeatureSelection,Test,2,False,Surrogate,DecisionTreeClassifier,Female,1.0161,0.9892,1.1300,0.8373,0.8373,0.8700,0.7000,0.6900,0.7737,0.6452
German Credit,Attribute9,Attribute9,MulticlassLexicographicGeneticAlgorithmFairFeatureSelection,Test,2,False,Surrogate,DecisionTreeClassifier,Male,0.9841,0.9892,0.8700,1.1627,0.8373,0.8700,0.7000,0.6900,0.7737,0.6452
German Credit,Attribute9,Attribute9,MulticlassLexicographicGeneticAlgorithmFairFeatureSelection,Test,2,False,Surrogate,RandomForestClassifier,Female,1.1129,0.9149,1.1600,1.0191,0.9809,0.8400,0.7600,0.7600,0.8378,0.6762
German Credit,Attribute9,Attribute9,MulticlassLexicographicGeneticAlgorithmFairFeatureSelection,Test,2,False,Surrogate,RandomForestClassifier,Male,0.8986,0.9149,0.8400,0.9809,0.9809,0.8400,0.7600,0.7600,0.8378,0.6762
German Credit,Attribute9,Attribute9,MulticlassLexicographicGeneticAlgorithmFairFeatureSelection,Validation,2,False,Target,XGBClassifier,Female,0.9602,0.9705,1.0500,0.8756,0.8756,0.9500,0.7467,0.7100,0.7972,0.6405
German Credit,Attribute9,Attribute9,MulticlassLexicographicGeneticAlgorithmFairFeatureSelection,Validation,2,False,Target,XGBClassifier,Male,1.0415,0.9705,0.9500,1.1244,0.8756,0.9500,0.7467,0.7100,0.7972,0.6405
German Credit,Attribute9,Attribute9,MulticlassLexicographicGeneticAlgorithmFairFeatureSelection,Test,2,False,Target,XGBClassifier,Female,0.8903,0.9126,0.9700,0.8756,0.8756,0.9700,0.7800,0.7500,0.8299,0.6690
German Credit,Attribute9,Attribute9,MulticlassLexicographicGeneticAlgorithmFairFeatureSelection,Test,2,False,Target,XGBClassifier,Male,1.1232,0.9126,1.0300,1.1244,0.8756,0.9700,0.7800,0.7500,0.8299,0.6690
German Credit,Attribute9,Attribute9,FairGenes,Validation,1,False,Surrogate,LogisticRegression,Female,0.8903,0.9046,1.0500,0.6651,0.6651,0.9500,0.8933,0.7400,0.8312,0.6238
German Credit,Attribute9,Attribute9,FairGenes,Validation,1,False,Surrogate,LogisticRegression,Male,1.1232,0.9046,0.9500,1.3349,0.6651,0.9500,0.8933,0.7400,0.8312,0.6238
German Credit,Attribute9,Attribute9,FairGenes,Validation,1,False,Surrogate,SVC,Female,0.9480,0.9593,1.0900,0.7847,0.7847,0.9100,0.8567,0.7700,0.8435,0.6929
German Credit,Attribute9,Attribute9,FairGenes,Validation,1,False,Surrogate,SVC,Male,1.0548,0.9593,0.9100,1.2153,0.7847,0.9100,0.8567,0.7700,0.8435,0.6929
German Credit,Attribute9,Attribute9,FairGenes,Validation,1,False,Surrogate,GaussianNB,Female,0.8013,0.8560,1.0700,0.5120,0.5120,0.9300,0.8567,0.7400,0.8116,0.7000
German Credit,Attribute9,Attribute9,FairGenes,Validation,1,False,Surrogate,GaussianNB,Male,1.2480,0.8560,0.9300,1.4880,0.5120,0.9300,0.8567,0.7400,0.8116,0.7000
German Credit,Attribute9,Attribute9,FairGenes,Validation,1,False,Surrogate,DecisionTreeClassifier,Female,0.7577,0.8350,0.9400,0.7081,0.7081,0.9400,0.7900,0.7100,0.7820,0.6881
German Credit,Attribute9,Attribute9,FairGenes,Validation,1,False,Surrogate,DecisionTreeClassifier,Male,1.3197,0.8350,1.0600,1.2919,0.7081,0.9400,0.7900,0.7100,0.7820,0.6881
German Credit,Attribute9,Attribute9,FairGenes,Validation,1,False,Surrogate,RandomForestClassifier,Female,0.9659,0.9738,1.0800,0.8230,0.8230,0.9200,0.8100,0.7200,0.8082,0.6381
German Credit,Attribute9,Attribute9,FairGenes,Validation,1,False,Surrogate,RandomForestClassifier,Male,1.0353,0.9738,0.9200,1.1770,0.8230,0.9200,0.8100,0.7200,0.8082,0.6381
German Credit,Attribute9,Attribute9,FairGenes,Test,1,False,Surrogate,LogisticRegression,Female,0.8833,0.8934,0.9600,0.7943,0.7943,0.9600,0.8967,0.7200,0.8228,0.5810
German Credit,Attribute9,Attribute9,FairGenes,Test,1,False,Surrogate,LogisticRegression,Male,1.1322,0.8934,1.0400,1.2057,0.7943,0.9600,0.8967,0.7200,0.8228,0.5810
German Credit,Attribute9,Attribute9,FairGenes,Test,1,False,Surrogate,SVC,Female,1.0334,0.9729,1.0200,1.0957,0.9043,0.9800,0.9200,0.7200,0.8158,0.6095
German Credit,Attribute9,Attribute9,FairGenes,Test,1,False,Surrogate,SVC,Male,0.9677,0.9729,0.9800,0.9043,0.9043,0.9800,0.9200,0.7200,0.8158,0.6095
German Credit,Attribute9,Attribute9,FairGenes,Test,1,False,Surrogate,GaussianNB,Female,0.8819,0.9093,1.0100,0.7847,0.7847,0.9900,0.8600,0.7400,0.8194,0.6714
German Credit,Attribute9,Attribute9,FairGenes,Test,1,False,Surrogate,GaussianNB,Male,1.1339,0.9093,0.9900,1.2153,0.7847,0.9900,0.8600,0.7400,0.8194,0.6714
German Credit,Attribute9,Attribute9,FairGenes,Test,1,False,Surrogate,DecisionTreeClassifier,Female,0.6156,0.7382,0.6900,0.8900,0.8900,0.6900,0.7400,0.6400,0.7231,0.6190
German Credit,Attribute9,Attribute9,FairGenes,Test,1,False,Surrogate,DecisionTreeClassifier,Male,1.6243,0.7382,1.3100,1.1100,0.8900,0.6900,0.7400,0.6400,0.7231,0.6190
German Credit,Attribute9,Attribute9,FairGenes,Test,1,False,Surrogate,RandomForestClassifier,Female,0.9239,0.9416,0.9100,1.0574,0.9426,0.9100,0.8567,0.6900,0.7862,0.6071
German Credit,Attribute9,Attribute9,FairGenes,Test,1,False,Surrogate,RandomForestClassifier,Male,1.0823,0.9416,1.0900,0.9426,0.9426,0.9100,0.8567,0.6900,0.7862,0.6071
German Credit,Attribute9,Attribute9,FairGenes,Validation,1,False,Target,XGBClassifier,Female,0.9239,0.9416,1.0800,0.7321,0.7321,0.9200,0.7800,0.7300,0.8138,0.6548
German Credit,Attribute9,Attribute9,FairGenes,Validation,1,False,Target,XGBClassifier,Male,1.0823,0.9416,0.9200,1.2679,0.7321,0.9200,0.7800,0.7300,0.8138,0.6548
German Credit,Attribute9,Attribute9,FairGenes,Test,1,False,Target,XGBClassifier,Female,0.9845,0.9883,0.9600,1.1100,0.8900,0.9600,0.8133,0.7100,0.8000,0.6310
German Credit,Attribute9,Attribute9,FairGenes,Test,1,False,Target,XGBClassifier,Male,1.0158,0.9883,1.0400,0.8900,0.8900,0.9600,0.8133,0.7100,0.8000,0.6310
German Credit,Attribute9,Attribute9,FairGenes,Validation,2,False,Surrogate,LogisticRegression,Female,0.9390,0.9434,1.0100,0.8325,0.8325,0.9900,0.9400,0.7100,0.8199,0.5548
German Credit,Attribute9,Attribute9,FairGenes,Validation,2,False,Surrogate,LogisticRegression,Male,1.0649,0.9434,0.9900,1.1675,0.8325,0.9900,0.9400,0.7100,0.8199,0.5548
German Credit,Attribute9,Attribute9,FairGenes,Validation,2,False,Surrogate,SVC,Female,0.9594,0.9659,1.0300,0.9139,0.9139,0.9700,0.8733,0.7700,0.8497,0.6643
German Credit,Attribute9,Attribute9,FairGenes,Validation,2,False,Surrogate,SVC,Male,1.0423,0.9659,0.9700,1.0861,0.9139,0.9700,0.8733,0.7700,0.8497,0.6643
German Credit,Attribute9,Attribute9,FairGenes,Validation,2,False,Surrogate,GaussianNB,Female,0.9142,0.9303,1.0600,0.7177,0.7177,0.9400,0.8800,0.7100,0.8054,0.6119
German Credit,Attribute9,Attribute9,FairGenes,Validation,2,False,Surrogate,GaussianNB,Male,1.0939,0.9303,0.9400,1.2823,0.7177,0.9400,0.8800,0.7100,0.8054,0.6119
German Credit,Attribute9,Attribute9,FairGenes,Validation,2,False,Surrogate,DecisionTreeClassifier,Female,0.9274,0.9495,1.0800,0.7321,0.7321,0.9200,0.7433,0.6600,0.7536,0.6048
German Credit,Attribute9,Attribute9,FairGenes,Validation,2,False,Surrogate,DecisionTreeClassifier,Male,1.0783,0.9495,0.9200,1.2679,0.7321,0.9200,0.7433,0.6600,0.7536,0.6048
German Credit,Attribute9,Attribute9,FairGenes,Validation,2,False,Surrogate,RandomForestClassifier,Female,0.9372,0.9481,1.0500,0.8230,0.8230,0.9500,0.8500,0.7700,0.8477,0.6738
German Credit,Attribute9,Attribute9,FairGenes,Validation,2,False,Surrogate,RandomForestClassifier,Male,1.0670,0.9481,0.9500,1.1770,0.8230,0.9500,0.8500,0.7700,0.8477,0.6738
German Credit,Attribute9,Attribute9,FairGenes,Test,2,False,Surrogate,LogisticRegression,Female,0.9443,0.9467,0.9400,0.9617,0.9617,0.9400,0.9533,0.6800,0.8049,0.5048
German Credit,Attribute9,Attribute9,FairGenes,Test,2,False,Surrogate,LogisticRegression,Male,1.0590,0.9467,1.0600,1.0383,0.9617,0.9400,0.9533,0.6800,0.8049,0.5048
German Credit,Attribute9,Attribute9,FairGenes,Test,2,False,Surrogate,SVC,Female,1.0543,0.9551,1.0700,1.0431,0.9569,0.9300,0.9300,0.7200,0.8182,0.6000
German Credit,Attribute9,Attribute9,FairGenes,Test,2,False,Surrogate,SVC,Male,0.9485,0.9551,0.9300,0.9569,0.9569,0.9300,0.9300,0.7200,0.8182,0.6000
German Credit,Attribute9,Attribute9,FairGenes,Test,2,False,Surrogate,GaussianNB,Female,1.0117,0.9906,1.0600,0.9522,0.9522,0.9400,0.9000,0.7000,0.8000,0.5952
German Credit,Attribute9,Attribute9,FairGenes,Test,2,False,Surrogate,GaussianNB,Male,0.9884,0.9906,0.9400,1.0478,0.9522,0.9400,0.9000,0.7000,0.8000,0.5952
German Credit,Attribute9,Attribute9,FairGenes,Test,2,False,Surrogate,DecisionTreeClassifier,Female,1.0161,0.9892,1.0000,1.0574,0.9426,1.0000,0.7600,0.6100,0.7153,0.5500
German Credit,Attribute9,Attribute9,FairGenes,Test,2,False,Surrogate,DecisionTreeClassifier,Male,0.9841,0.9892,1.0000,0.9426,0.9426,1.0000,0.7600,0.6100,0.7153,0.5500
German Credit,Attribute9,Attribute9,FairGenes,Test,2,False,Surrogate,RandomForestClassifier,Female,1.1129,0.9116,1.1100,1.0957,0.9043,0.8900,0.8300,0.7100,0.8079,0.6024
German Credit,Attribute9,Attribute9,FairGenes,Test,2,False,Surrogate,RandomForestClassifier,Male,0.8986,0.9116,0.8900,0.9043,0.9043,0.8900,0.8300,0.7100,0.8079,0.6024
German Credit,Attribute9,Attribute9,FairGenes,Validation,2,False,Target,XGBClassifier,Female,0.9142,0.9303,1.0700,0.7321,0.7321,0.9300,0.8100,0.7700,0.8456,0.6833
German Credit,Attribute9,Attribute9,FairGenes,Validation,2,False,Target,XGBClassifier,Male,1.0939,0.9303,0.9300,1.2679,0.7321,0.9300,0.8100,0.7700,0.8456,0.6833
German Credit,Attribute9,Attribute9,FairGenes,Test,2,False,Target,XGBClassifier,Female,0.9602,0.9705,1.0200,0.9139,0.9139,0.9800,0.7933,0.6700,0.7692,0.5929
German Credit,Attribute9,Attribute9,FairGenes,Test,2,False,Target,XGBClassifier,Male,1.0415,0.9705,0.9800,1.0861,0.9139,0.9800,0.7933,0.6700,0.7692,0.5929
