dataset,protected_attribute,unbiasing_algorithm,data,classifier_type,classification_algorithm,value,disparate_impact_ssd,discrimination_score_ssd,true_positive_rate_diff_ssd,false_positive_rate_diff_ssd,false_positive_error_rate_balance_score_ssd,false_negative_error_rate_balance_score_ssd,consistency_ssd,confusion_matrix,accuracy_ssd,f1_score_ssd,recall_ssd,precision_ssd,mathews_cc_ssd,roc_curve,auc_ssd,sensitivity_ssd,specificity_ssd
German Credit,Attribute9,,Validation,Surrogate,LogisticRegression,Female,1.0146,0.767,0.048,3.0835,3.0835,0.048,0.075,"[13, 17, 5, 65]",1.452,0.6281,0.1529,1.2892,9.6889,"[[0.0, 0.5666666666666667, 1.0], [0.0, 0.9285714285714286, 1.0], [inf, 1.0, 0.0]]",3.0528,0.1529,9.6345
German Credit,Attribute9,,Validation,Surrogate,LogisticRegression,Male,1.5228,0.767,0.048,3.0835,3.0835,0.048,0.075,,0.0,0.0,0.0,0.0,0.0,,0.0,0.0,0.0
German Credit,Attribute9,,Validation,Surrogate,SVC,Female,0.2313,0.1807,0.108,0.0685,0.0685,0.108,0.0964,"[10, 20, 4, 66]",1.728,0.7096,0.0978,1.6231,12.1044,"[[0.0, 0.6666666666666666, 1.0], [0.0, 0.9428571428571428, 1.0], [inf, 1.0, 0.0]]",3.9291,0.0978,13.3347
German Credit,Attribute9,,Validation,Surrogate,SVC,Male,0.2776,0.1807,0.108,0.0685,0.0685,0.108,0.0964,,0.0,0.0,0.0,0.0,0.0,,0.0,0.0,0.0
German Credit,Attribute9,,Validation,Surrogate,GaussianNB,Female,0.102,0.0578,0.048,0.3637,0.3637,0.048,0.108,"[17, 13, 9, 61]",1.452,0.7004,0.4961,0.9261,8.8227,"[[0.0, 0.43333333333333335, 1.0], [0.0, 0.8714285714285714, 1.0], [inf, 1.0, 0.0]]",2.3688,0.4961,5.6325
German Credit,Attribute9,,Validation,Surrogate,GaussianNB,Male,0.1149,0.0578,0.048,0.3637,0.3637,0.048,0.108,,0.0,0.0,0.0,0.0,0.0,,0.0,0.0,0.0
German Credit,Attribute9,,Validation,Surrogate,DecisionTreeClassifier,Female,0.2979,0.179,0.2811,0.3756,0.3756,0.2811,0.2417,"[10, 20, 8, 62]",2.4101,1.0581,0.4674,1.7721,16.5093,"[[0.0, 0.6666666666666666, 1.0], [0.0, 0.8857142857142857, 1.0], [inf, 1.0, 0.0]]",4.564,0.4674,12.9525
German Credit,Attribute9,,Validation,Surrogate,DecisionTreeClassifier,Male,0.2373,0.179,0.2811,0.3756,0.3756,0.2811,0.2417,,0.0,0.0,0.0,0.0,0.0,,0.0,0.0,0.0
German Credit,Attribute9,,Validation,Surrogate,RandomForestClassifier,Female,0.2084,0.1679,0.0584,0.5705,0.5705,0.0584,0.0795,"[10, 20, 3, 67]",1.6887,0.6788,0.0584,1.6722,11.8427,"[[0.0, 0.6666666666666666, 1.0], [0.0, 0.9571428571428572, 1.0], [inf, 1.0, 0.0]]",4.0365,0.0584,14.3172
German Credit,Attribute9,,Validation,Surrogate,RandomForestClassifier,Male,0.2622,0.1679,0.0584,0.5705,0.5705,0.0584,0.0795,,0.0,0.0,0.0,0.0,0.0,,0.0,0.0,0.0
German Credit,Attribute9,,Validation,Test,XGBClassifier,Female,0.6465,0.4892,0.432,0.3024,0.3024,0.432,0.1765,"[9, 21, 8, 62]",2.523,1.0773,0.3919,1.9203,17.9444,"[[0.0, 0.7, 1.0], [0.0, 0.8857142857142857, 1.0], [inf, 1.0, 0.0]]",4.9719,0.3919,14.7
German Credit,Attribute9,,Validation,Test,XGBClassifier,Male,0.8886,0.4892,0.432,0.3024,0.3024,0.432,0.1765,,0.0,0.0,0.0,0.0,0.0,,0.0,0.0,0.0
German Credit,Attribute9,,Test,Surrogate,LogisticRegression,Female,1.1678,0.9125,0.768,0.5771,0.5771,0.768,0.3851,"[11, 19, 6, 64]",1.875,0.801,0.2203,1.5719,12.9574,"[[0.0, 0.6333333333333333, 1.0], [0.0, 0.9142857142857143, 1.0], [inf, 1.0, 0.0]]",3.8772,0.2203,12.0321
German Credit,Attribute9,,Test,Surrogate,LogisticRegression,Male,1.8111,0.9125,0.768,0.5771,0.5771,0.768,0.3851,,0.0,0.0,0.0,0.0,0.0,,0.0,0.0,0.0
German Credit,Attribute9,,Test,Surrogate,SVC,Female,3.0318,2.4487,0.768,6.4617,6.4617,0.768,0.3201,"[13, 17, 6, 64]",1.587,0.6959,0.2203,1.3217,10.5815,"[[0.0, 0.5666666666666667, 1.0], [0.0, 0.9142857142857143, 1.0], [inf, 1.0, 0.0]]",3.1922,0.2203,9.6345
German Credit,Attribute9,,Test,Surrogate,SVC,Male,6.5175,2.4487,0.768,6.4617,6.4617,0.768,0.3201,,0.0,0.0,0.0,0.0,0.0,,0.0,0.0,0.0
German Credit,Attribute9,,Test,Surrogate,GaussianNB,Female,7.203,3.4864,2.187,4.0716,4.0716,2.187,0.108,"[23, 7, 18, 52]",1.875,1.1268,1.983,0.422,8.2782,"[[0.0, 0.23333333333333334, 1.0], [0.0, 0.7428571428571429, 1.0], [inf, 1.0, 0.0]]",1.8037,1.983,1.6329
German Credit,Attribute9,,Test,Surrogate,GaussianNB,Male,27.6941,3.4864,2.187,4.0716,4.0716,2.187,0.108,,0.0,0.0,0.0,0.0,0.0,,0.0,0.0,0.0
German Credit,Attribute9,,Test,Surrogate,DecisionTreeClassifier,Female,0.1711,0.0866,0.3006,0.907,0.907,0.3006,0.7048,"[16, 14, 15, 55]",2.5292,1.3082,1.3757,1.2442,14.0824,"[[0.0, 0.4666666666666667, 1.0], [0.0, 0.7857142857142857, 1.0], [inf, 1.0, 0.0]]",3.4977,1.3757,6.616
German Credit,Attribute9,,Test,Surrogate,DecisionTreeClassifier,Male,0.2124,0.0866,0.3006,0.907,0.907,0.3006,0.7048,,0.0,0.0,0.0,0.0,0.0,,0.0,0.0,0.0
German Credit,Attribute9,,Test,Surrogate,RandomForestClassifier,Female,0.454,0.3328,0.0564,1.7471,1.7471,0.0564,0.1992,"[13, 17, 3, 67]",1.2405,0.5343,0.1016,1.1838,8.1339,"[[0.0, 0.5666666666666667, 1.0], [0.0, 0.9571428571428572, 1.0], [inf, 1.0, 0.0]]",2.7236,0.1016,8.9635
German Credit,Attribute9,,Test,Surrogate,RandomForestClassifier,Male,0.6558,0.3328,0.0564,1.7471,1.7471,0.0564,0.1992,,0.0,0.0,0.0,0.0,0.0,,0.0,0.0,0.0
German Credit,Attribute9,,Test,Test,XGBClassifier,Female,0.4733,0.3115,0.027,1.9294,1.9294,0.027,0.2255,"[17, 13, 5, 65]",0.972,0.4436,0.1529,0.8337,6.1318,"[[0.0, 0.43333333333333335, 1.0], [0.0, 0.9285714285714286, 1.0], [inf, 1.0, 0.0]]",1.9112,0.1529,5.6325
German Credit,Attribute9,,Test,Test,XGBClassifier,Male,0.6186,0.3115,0.027,1.9294,1.9294,0.027,0.2255,,0.0,0.0,0.0,0.0,0.0,,0.0,0.0,0.0
German Credit,Attribute13,,Validation,Surrogate,LogisticRegression,Aged,5.5806,2.0093,0.1098,4.0297,4.0297,0.1098,0.075,"[13, 17, 5, 65]",1.452,0.6281,0.1529,1.2892,9.6889,"[[0.0, 0.5666666666666667, 1.0], [0.0, 0.9285714285714286, 1.0], [inf, 1.0, 0.0]]",3.0528,0.1529,9.6345
German Credit,Attribute13,,Validation,Surrogate,LogisticRegression,Young,2.7253,2.0093,0.1098,4.0297,4.0297,0.1098,0.075,,0.0,0.0,0.0,0.0,0.0,,0.0,0.0,0.0
German Credit,Attribute13,,Validation,Surrogate,SVC,Aged,3.4905,1.5513,0.176,2.8923,2.8923,0.176,0.0964,"[10, 20, 4, 66]",1.728,0.7096,0.0978,1.6231,12.1044,"[[0.0, 0.6666666666666666, 1.0], [0.0, 0.9428571428571428, 1.0], [inf, 1.0, 0.0]]",3.9291,0.0978,13.3347
German Credit,Attribute13,,Validation,Surrogate,SVC,Young,1.9401,1.5513,0.176,2.8923,2.8923,0.176,0.0964,,0.0,0.0,0.0,0.0,0.0,,0.0,0.0,0.0
German Credit,Attribute13,,Validation,Surrogate,GaussianNB,Aged,6.2381,1.7744,0.5639,1.1128,1.1128,0.5639,0.108,"[17, 13, 9, 61]",1.452,0.7004,0.4961,0.9261,8.8227,"[[0.0, 0.43333333333333335, 1.0], [0.0, 0.8714285714285714, 1.0], [inf, 1.0, 0.0]]",2.3688,0.4961,5.6325
German Credit,Attribute13,,Validation,Surrogate,GaussianNB,Young,2.9428,1.7744,0.5639,1.1128,1.1128,0.5639,0.108,,0.0,0.0,0.0,0.0,0.0,,0.0,0.0,0.0
German Credit,Attribute13,,Validation,Surrogate,DecisionTreeClassifier,Aged,0.0731,0.0432,0.0483,0.0917,0.0917,0.0483,0.2037,"[10, 20, 8, 62]",2.4313,1.0516,0.4152,1.8329,16.964,"[[0.0, 0.6666666666666666, 1.0], [0.0, 0.8857142857142857, 1.0], [inf, 1.0, 0.0]]",4.7202,0.4152,13.7484
German Credit,Attribute13,,Validation,Surrogate,DecisionTreeClassifier,Young,0.0596,0.0432,0.0483,0.0917,0.0917,0.0483,0.2037,,0.0,0.0,0.0,0.0,0.0,,0.0,0.0,0.0
German Credit,Attribute13,,Validation,Surrogate,RandomForestClassifier,Aged,0.6588,0.3781,0.2251,0.18,0.18,0.2251,0.0952,"[9, 21, 4, 66]",1.7197,0.697,0.0757,1.6611,12.1009,"[[0.0, 0.7, 1.0], [0.0, 0.9428571428571428, 1.0], [inf, 1.0, 0.0]]",4.0217,0.0757,13.9959
German Credit,Attribute13,,Validation,Surrogate,RandomForestClassifier,Young,0.4757,0.3781,0.2251,0.18,0.18,0.2251,0.0952,,0.0,0.0,0.0,0.0,0.0,,0.0,0.0,0.0
German Credit,Attribute13,,Validation,Test,XGBClassifier,Aged,0.0583,0.0374,0.0044,0.0104,0.0104,0.0044,0.1765,"[9, 21, 8, 62]",2.523,1.0773,0.3919,1.9203,17.9444,"[[0.0, 0.7, 1.0], [0.0, 0.8857142857142857, 1.0], [inf, 1.0, 0.0]]",4.9719,0.3919,14.7
German Credit,Attribute13,,Validation,Test,XGBClassifier,Young,0.0537,0.0374,0.0044,0.0104,0.0104,0.0044,0.1765,,0.0,0.0,0.0,0.0,0.0,,0.0,0.0,0.0
German Credit,Attribute13,,Test,Surrogate,LogisticRegression,Aged,0.1287,0.0796,0.0254,0.048,0.048,0.0254,0.3851,"[11, 19, 6, 64]",1.875,0.801,0.2203,1.5719,12.9574,"[[0.0, 0.6333333333333333, 1.0], [0.0, 0.9142857142857143, 1.0], [inf, 1.0, 0.0]]",3.8772,0.2203,12.0321
German Credit,Attribute13,,Test,Surrogate,LogisticRegression,Young,0.1135,0.0796,0.0254,0.048,0.048,0.0254,0.3851,,0.0,0.0,0.0,0.0,0.0,,0.0,0.0,0.0
German Credit,Attribute13,,Test,Surrogate,SVC,Aged,0.0389,0.024,0.0254,0.048,0.048,0.0254,0.3201,"[13, 17, 6, 64]",1.587,0.6959,0.2203,1.3217,10.5815,"[[0.0, 0.5666666666666667, 1.0], [0.0, 0.9142857142857143, 1.0], [inf, 1.0, 0.0]]",3.1922,0.2203,9.6345
German Credit,Attribute13,,Test,Surrogate,SVC,Young,0.0363,0.024,0.0254,0.048,0.048,0.0254,0.3201,,0.0,0.0,0.0,0.0,0.0,,0.0,0.0,0.0
German Credit,Attribute13,,Test,Surrogate,GaussianNB,Aged,124.6889,5.7264,6.627,2.352,2.352,6.627,0.108,"[23, 7, 18, 52]",1.875,1.1268,1.983,0.422,8.2782,"[[0.0, 0.23333333333333334, 1.0], [0.0, 0.7428571428571429, 1.0], [inf, 1.0, 0.0]]",1.8037,1.983,1.6329
German Credit,Attribute13,,Test,Surrogate,GaussianNB,Young,13.5032,5.7264,6.627,2.352,2.352,6.627,0.108,,0.0,0.0,0.0,0.0,0.0,,0.0,0.0,0.0
German Credit,Attribute13,,Test,Surrogate,DecisionTreeClassifier,Aged,0.5439,0.3498,0.1824,5.056,5.056,0.1824,0.6789,"[15, 15, 14, 56]",2.6008,1.345,1.4128,1.281,14.4947,"[[0.0, 0.5, 1.0], [0.0, 0.8, 1.0], [inf, 1.0, 0.0]]",3.601,1.4128,6.8311
German Credit,Attribute13,,Test,Surrogate,DecisionTreeClassifier,Young,0.7672,0.3498,0.1824,5.056,5.056,0.1824,0.6789,,0.0,0.0,0.0,0.0,0.0,,0.0,0.0,0.0
German Credit,Attribute13,,Test,Surrogate,RandomForestClassifier,Aged,0.1351,0.0808,0.1338,0.184,0.184,0.1338,0.1995,"[14, 16, 4, 66]",1.2001,0.5151,0.0865,1.1687,7.8531,"[[0.0, 0.5333333333333333, 1.0], [0.0, 0.9428571428571428, 1.0], [inf, 1.0, 0.0]]",2.6692,0.0865,8.8877
German Credit,Attribute13,,Test,Surrogate,RandomForestClassifier,Young,0.1145,0.0808,0.1338,0.184,0.184,0.1338,0.1995,,0.0,0.0,0.0,0.0,0.0,,0.0,0.0,0.0
German Credit,Attribute13,,Test,Test,XGBClassifier,Aged,0.0021,0.0013,0.2017,0.048,0.048,0.2017,0.2255,"[17, 13, 5, 65]",0.972,0.4436,0.1529,0.8337,6.1318,"[[0.0, 0.43333333333333335, 1.0], [0.0, 0.9285714285714286, 1.0], [inf, 1.0, 0.0]]",1.9112,0.1529,5.6325
German Credit,Attribute13,,Test,Test,XGBClassifier,Young,0.0022,0.0013,0.2017,0.048,0.048,0.2017,0.2255,,0.0,0.0,0.0,0.0,0.0,,0.0,0.0,0.0
German Credit,Attribute9,DisparateImpactRemover,Validation,Surrogate,LogisticRegression,Female,0.007,0.0048,0.027,0.0992,0.0992,0.027,0.0654,"[12, 18, 5, 65]",1.587,0.6777,0.1529,1.4114,10.7712,"[[0.0, 0.6, 1.0], [0.0, 0.9285714285714286, 1.0], [inf, 1.0, 0.0]]",3.3808,0.1529,10.8
German Credit,Attribute9,DisparateImpactRemover,Validation,Surrogate,LogisticRegression,Male,0.0068,0.0048,0.027,0.0992,0.0992,0.027,0.0654,,0.0,0.0,0.0,0.0,0.0,,0.0,0.0,0.0
German Credit,Attribute9,DisparateImpactRemover,Validation,Surrogate,SVC,Female,0.0951,0.0694,0.048,0.6607,0.6607,0.048,0.027,"[11, 19, 2, 68]",1.323,0.5371,0.0245,1.431,8.7253,"[[0.0, 0.6333333333333333, 1.0], [0.0, 0.9714285714285714, 1.0], [inf, 1.0, 0.0]]",3.2868,0.0245,12.0321
German Credit,Attribute9,DisparateImpactRemover,Validation,Surrogate,SVC,Male,0.0852,0.0694,0.048,0.6607,0.6607,0.048,0.027,,0.0,0.0,0.0,0.0,0.0,,0.0,0.0,0.0
German Credit,Attribute9,DisparateImpactRemover,Validation,Surrogate,GaussianNB,Female,0.0121,0.0059,0.3,0.0992,0.0992,0.3,0.1202,"[18, 12, 12, 58]",1.728,0.8813,0.8813,0.8813,9.7949,"[[0.0, 0.4, 1.0], [0.0, 0.8285714285714286, 1.0], [inf, 1.0, 0.0]]",2.4487,0.8813,4.8
German Credit,Attribute9,DisparateImpactRemover,Validation,Surrogate,GaussianNB,Male,0.0116,0.0059,0.3,0.0992,0.0992,0.3,0.1202,,0.0,0.0,0.0,0.0,0.0,,0.0,0.0,0.0
German Credit,Attribute9,DisparateImpactRemover,Validation,Surrogate,DecisionTreeClassifier,Female,0.1331,0.0832,0.1812,0.2994,0.2994,0.1812,0.1918,"[13, 17, 6, 64]",1.8513,0.809,0.2867,1.4827,12.5148,"[[0.0, 0.5666666666666667, 1.0], [0.0, 0.9142857142857143, 1.0], [inf, 1.0, 0.0]]",3.6681,0.2867,10.9182
German Credit,Attribute9,DisparateImpactRemover,Validation,Surrogate,DecisionTreeClassifier,Male,0.1121,0.0832,0.1812,0.2994,0.2994,0.1812,0.1918,,0.0,0.0,0.0,0.0,0.0,,0.0,0.0,0.0
German Credit,Attribute9,DisparateImpactRemover,Validation,Surrogate,RandomForestClassifier,Female,0.0597,0.041,0.0973,0.268,0.268,0.0973,0.0602,"[13, 17, 3, 67]",1.1958,0.5027,0.0515,1.2342,7.8384,"[[0.0, 0.5666666666666667, 1.0], [0.0, 0.9571428571428572, 1.0], [inf, 1.0, 0.0]]",2.7973,0.0515,9.734
German Credit,Attribute9,DisparateImpactRemover,Validation,Surrogate,RandomForestClassifier,Male,0.0542,0.041,0.0973,0.268,0.268,0.0973,0.0602,,0.0,0.0,0.0,0.0,0.0,,0.0,0.0,0.0
German Credit,Attribute9,DisparateImpactRemover,Test,Surrogate,LogisticRegression,Female,0.0247,0.0157,0.027,0.0992,0.0992,0.027,0.1765,"[12, 18, 9, 61]",2.187,0.985,0.4961,1.5568,14.4741,"[[0.0, 0.6, 1.0], [0.0, 0.8714285714285714, 1.0], [inf, 1.0, 0.0]]",3.9814,0.4961,10.8
German Credit,Attribute9,DisparateImpactRemover,Test,Surrogate,LogisticRegression,Male,0.0263,0.0157,0.027,0.0992,0.0992,0.027,0.1765,,0.0,0.0,0.0,0.0,0.0,,0.0,0.0,0.0
German Credit,Attribute9,DisparateImpactRemover,Test,Surrogate,SVC,Female,0.0968,0.0709,0.012,0.0685,0.0685,0.012,0.2255,"[10, 20, 6, 64]",2.028,0.8548,0.2203,1.7007,14.3037,"[[0.0, 0.6666666666666666, 1.0], [0.0, 0.9142857142857143, 1.0], [inf, 1.0, 0.0]]",4.2458,0.2203,13.3347
German Credit,Attribute9,DisparateImpactRemover,Test,Surrogate,SVC,Male,0.1091,0.0709,0.012,0.0685,0.0685,0.012,0.2255,,0.0,0.0,0.0,0.0,0.0,,0.0,0.0,0.0
German Credit,Attribute9,DisparateImpactRemover,Test,Surrogate,GaussianNB,Female,5.5909,2.5948,1.2,4.0716,4.0716,1.2,0.108,"[23, 7, 18, 52]",1.875,1.1268,1.983,0.422,8.2782,"[[0.0, 0.23333333333333334, 1.0], [0.0, 0.7428571428571429, 1.0], [inf, 1.0, 0.0]]",1.8037,1.983,1.6329
German Credit,Attribute9,DisparateImpactRemover,Test,Surrogate,GaussianNB,Male,17.3189,2.5948,1.2,4.0716,4.0716,1.2,0.108,,0.0,0.0,0.0,0.0,0.0,,0.0,0.0,0.0
German Credit,Attribute9,DisparateImpactRemover,Test,Surrogate,DecisionTreeClassifier,Female,0.08,0.0384,0.1379,0.9247,0.9247,0.1379,0.7544,"[17, 13, 16, 54]",2.743,1.4528,1.6517,1.2613,14.7967,"[[0.0, 0.43333333333333335, 1.0], [0.0, 0.7714285714285715, 1.0], [inf, 1.0, 0.0]]",3.6286,1.6517,6.3929
German Credit,Attribute9,DisparateImpactRemover,Test,Surrogate,DecisionTreeClassifier,Male,0.0943,0.0384,0.1379,0.9247,0.9247,0.1379,0.7544,,0.0,0.0,0.0,0.0,0.0,,0.0,0.0,0.0
German Credit,Attribute9,DisparateImpactRemover,Test,Surrogate,RandomForestClassifier,Female,0.2059,0.139,0.1133,1.4885,1.4885,0.1133,0.3029,"[15, 15, 5, 65]",1.4489,0.6431,0.2224,1.1978,9.5192,"[[0.0, 0.5, 1.0], [0.0, 0.9285714285714286, 1.0], [inf, 1.0, 0.0]]",2.8751,0.2224,8.57
German Credit,Attribute9,DisparateImpactRemover,Test,Surrogate,RandomForestClassifier,Male,0.2501,0.139,0.1133,1.4885,1.4885,0.1133,0.3029,,0.0,0.0,0.0,0.0,0.0,,0.0,0.0,0.0
German Credit,Attribute9,DisparateImpactRemover,Validation,Test,XGBClassifier,Female,0.1183,0.0808,0.048,0.0111,0.0111,0.048,0.108,"[14, 16, 5, 65]",1.323,0.5805,0.1529,1.1702,8.693,"[[0.0, 0.5333333333333333, 1.0], [0.0, 0.9285714285714286, 1.0], [inf, 1.0, 0.0]]",2.7434,0.1529,8.5323
German Credit,Attribute9,DisparateImpactRemover,Validation,Test,XGBClassifier,Male,0.1347,0.0808,0.048,0.0111,0.0111,0.048,0.108,,0.0,0.0,0.0,0.0,0.0,,0.0,0.0,0.0
German Credit,Attribute9,DisparateImpactRemover,Test,Test,XGBClassifier,Female,0.0247,0.0157,0.243,0.9409,0.9409,0.243,0.4561,"[13, 17, 8, 62]",1.875,0.8447,0.3919,1.3893,12.3264,"[[0.0, 0.5666666666666667, 1.0], [0.0, 0.8857142857142857, 1.0], [inf, 1.0, 0.0]]",3.4782,0.3919,9.6345
German Credit,Attribute9,DisparateImpactRemover,Test,Test,XGBClassifier,Male,0.0263,0.0157,0.243,0.9409,0.9409,0.243,0.4561,,0.0,0.0,0.0,0.0,0.0,,0.0,0.0,0.0
German Credit,Attribute9,DisparateImpactRemover,Validation,Surrogate,LogisticRegression,Female,1.0146,0.767,0.048,3.0835,3.0835,0.048,0.075,"[13, 17, 5, 65]",1.452,0.6281,0.1529,1.2892,9.6889,"[[0.0, 0.5666666666666667, 1.0], [0.0, 0.9285714285714286, 1.0], [inf, 1.0, 0.0]]",3.0528,0.1529,9.6345
German Credit,Attribute9,DisparateImpactRemover,Validation,Surrogate,LogisticRegression,Male,1.5228,0.767,0.048,3.0835,3.0835,0.048,0.075,,0.0,0.0,0.0,0.0,0.0,,0.0,0.0,0.0
German Credit,Attribute9,DisparateImpactRemover,Validation,Surrogate,SVC,Female,0.2313,0.1807,0.108,0.0685,0.0685,0.108,0.0964,"[10, 20, 4, 66]",1.728,0.7096,0.0978,1.6231,12.1044,"[[0.0, 0.6666666666666666, 1.0], [0.0, 0.9428571428571428, 1.0], [inf, 1.0, 0.0]]",3.9291,0.0978,13.3347
German Credit,Attribute9,DisparateImpactRemover,Validation,Surrogate,SVC,Male,0.2776,0.1807,0.108,0.0685,0.0685,0.108,0.0964,,0.0,0.0,0.0,0.0,0.0,,0.0,0.0,0.0
German Credit,Attribute9,DisparateImpactRemover,Validation,Surrogate,GaussianNB,Female,0.102,0.0578,0.048,0.3637,0.3637,0.048,0.108,"[17, 13, 9, 61]",1.452,0.7004,0.4961,0.9261,8.8227,"[[0.0, 0.43333333333333335, 1.0], [0.0, 0.8714285714285714, 1.0], [inf, 1.0, 0.0]]",2.3688,0.4961,5.6325
German Credit,Attribute9,DisparateImpactRemover,Validation,Surrogate,GaussianNB,Male,0.1149,0.0578,0.048,0.3637,0.3637,0.048,0.108,,0.0,0.0,0.0,0.0,0.0,,0.0,0.0,0.0
German Credit,Attribute9,DisparateImpactRemover,Validation,Surrogate,DecisionTreeClassifier,Female,0.0925,0.0572,0.1141,0.2539,0.2539,0.1141,0.2127,"[10, 20, 8, 62]",2.3301,1.0166,0.4186,1.7484,16.0514,"[[0.0, 0.6666666666666666, 1.0], [0.0, 0.8857142857142857, 1.0], [inf, 1.0, 0.0]]",4.4797,0.4186,12.916
German Credit,Attribute9,DisparateImpactRemover,Validation,Surrogate,DecisionTreeClassifier,Male,0.0785,0.0572,0.1141,0.2539,0.2539,0.1141,0.2127,,0.0,0.0,0.0,0.0,0.0,,0.0,0.0,0.0
German Credit,Attribute9,DisparateImpactRemover,Validation,Surrogate,RandomForestClassifier,Female,0.1089,0.087,0.0335,0.561,0.561,0.0335,0.0851,"[10, 20, 2, 68]",1.4681,0.5921,0.0368,1.5341,9.9121,"[[0.0, 0.6666666666666666, 1.0], [0.0, 0.9714285714285714, 1.0], [inf, 1.0, 0.0]]",3.6001,0.0368,13.0528
German Credit,Attribute9,DisparateImpactRemover,Validation,Surrogate,RandomForestClassifier,Male,0.1262,0.087,0.0335,0.561,0.561,0.0335,0.0851,,0.0,0.0,0.0,0.0,0.0,,0.0,0.0,0.0
German Credit,Attribute9,DisparateImpactRemover,Test,Surrogate,LogisticRegression,Female,1.1678,0.9125,0.768,0.5771,0.5771,0.768,0.3851,"[11, 19, 6, 64]",1.875,0.801,0.2203,1.5719,12.9574,"[[0.0, 0.6333333333333333, 1.0], [0.0, 0.9142857142857143, 1.0], [inf, 1.0, 0.0]]",3.8772,0.2203,12.0321
German Credit,Attribute9,DisparateImpactRemover,Test,Surrogate,LogisticRegression,Male,1.8111,0.9125,0.768,0.5771,0.5771,0.768,0.3851,,0.0,0.0,0.0,0.0,0.0,,0.0,0.0,0.0
German Credit,Attribute9,DisparateImpactRemover,Test,Surrogate,SVC,Female,3.0318,2.4487,0.768,6.4617,6.4617,0.768,0.3201,"[13, 17, 6, 64]",1.587,0.6959,0.2203,1.3217,10.5815,"[[0.0, 0.5666666666666667, 1.0], [0.0, 0.9142857142857143, 1.0], [inf, 1.0, 0.0]]",3.1922,0.2203,9.6345
German Credit,Attribute9,DisparateImpactRemover,Test,Surrogate,SVC,Male,6.5175,2.4487,0.768,6.4617,6.4617,0.768,0.3201,,0.0,0.0,0.0,0.0,0.0,,0.0,0.0,0.0
German Credit,Attribute9,DisparateImpactRemover,Test,Surrogate,GaussianNB,Female,7.203,3.4864,2.187,4.0716,4.0716,2.187,0.108,"[23, 7, 18, 52]",1.875,1.1268,1.983,0.422,8.2782,"[[0.0, 0.23333333333333334, 1.0], [0.0, 0.7428571428571429, 1.0], [inf, 1.0, 0.0]]",1.8037,1.983,1.6329
German Credit,Attribute9,DisparateImpactRemover,Test,Surrogate,GaussianNB,Male,27.6941,3.4864,2.187,4.0716,4.0716,2.187,0.108,,0.0,0.0,0.0,0.0,0.0,,0.0,0.0,0.0
German Credit,Attribute9,DisparateImpactRemover,Test,Surrogate,DecisionTreeClassifier,Female,0.1616,0.0839,0.3842,1.0177,1.0177,0.3842,0.66,"[15, 15, 15, 55]",2.5296,1.2864,1.2682,1.307,14.4109,"[[0.0, 0.5, 1.0], [0.0, 0.7857142857142857, 1.0], [inf, 1.0, 0.0]]",3.6158,1.2682,7.191
German Credit,Attribute9,DisparateImpactRemover,Test,Surrogate,DecisionTreeClassifier,Male,0.1968,0.0839,0.3842,1.0177,1.0177,0.3842,0.66,,0.0,0.0,0.0,0.0,0.0,,0.0,0.0,0.0
German Credit,Attribute9,DisparateImpactRemover,Test,Surrogate,RandomForestClassifier,Female,0.9229,0.7083,0.0366,3.0714,3.0714,0.0366,0.1715,"[14, 16, 2, 68]",1.0685,0.4591,0.0666,1.0914,6.8593,"[[0.0, 0.5333333333333333, 1.0], [0.0, 0.9714285714285714, 1.0], [inf, 1.0, 0.0]]",2.4362,0.0666,8.3029
German Credit,Attribute9,DisparateImpactRemover,Test,Surrogate,RandomForestClassifier,Male,1.4046,0.7083,0.0366,3.0714,3.0714,0.0366,0.1715,,0.0,0.0,0.0,0.0,0.0,,0.0,0.0,0.0
German Credit,Attribute9,DisparateImpactRemover,Validation,Test,XGBClassifier,Female,0.1872,0.1323,0.048,0.0335,0.0335,0.048,0.0964,"[13, 17, 5, 65]",1.452,0.6281,0.1529,1.2892,9.6889,"[[0.0, 0.5666666666666667, 1.0], [0.0, 0.9285714285714286, 1.0], [inf, 1.0, 0.0]]",3.0528,0.1529,9.6345
German Credit,Attribute9,DisparateImpactRemover,Validation,Test,XGBClassifier,Male,0.2208,0.1323,0.048,0.0335,0.0335,0.048,0.0964,,0.0,0.0,0.0,0.0,0.0,,0.0,0.0,0.0
German Credit,Attribute9,DisparateImpactRemover,Test,Test,XGBClassifier,Female,0.3115,0.2127,0.027,1.3906,1.3906,0.027,0.3201,"[15, 15, 5, 65]",1.2,0.5331,0.1529,1.0547,7.7724,"[[0.0, 0.5, 1.0], [0.0, 0.9285714285714286, 1.0], [inf, 1.0, 0.0]]",2.4487,0.1529,7.5
German Credit,Attribute9,DisparateImpactRemover,Test,Test,XGBClassifier,Male,0.3865,0.2127,0.027,1.3906,1.3906,0.027,0.3201,,0.0,0.0,0.0,0.0,0.0,,0.0,0.0,0.0
German Credit,Attribute13,DisparateImpactRemover,Validation,Surrogate,LogisticRegression,Aged,1.9188,0.8528,0.0591,0.9731,0.9731,0.0591,0.108,"[13, 17, 6, 64]",1.587,0.6959,0.2203,1.3217,10.5815,"[[0.0, 0.5666666666666667, 1.0], [0.0, 0.9142857142857143, 1.0], [inf, 1.0, 0.0]]",3.1922,0.2203,9.6345
German Credit,Attribute13,DisparateImpactRemover,Validation,Surrogate,LogisticRegression,Young,1.2217,0.8528,0.0591,0.9731,0.9731,0.0591,0.108,,0.0,0.0,0.0,0.0,0.0,,0.0,0.0,0.0
German Credit,Attribute13,DisparateImpactRemover,Validation,Surrogate,SVC,Aged,3.1396,1.3958,0.176,2.1403,2.1403,0.176,0.0404,"[11, 19, 4, 66]",1.587,0.6607,0.0978,1.4986,10.901,"[[0.0, 0.6333333333333333, 1.0], [0.0, 0.9428571428571428, 1.0], [inf, 1.0, 0.0]]",3.5749,0.0978,12.0321
German Credit,Attribute13,DisparateImpactRemover,Validation,Surrogate,SVC,Young,1.7919,1.3958,0.176,2.1403,2.1403,0.176,0.0404,,0.0,0.0,0.0,0.0,0.0,,0.0,0.0,0.0
German Credit,Attribute13,DisparateImpactRemover,Validation,Surrogate,GaussianNB,Aged,0.0066,0.0019,0.3295,0.0185,0.0185,0.3295,0.048,"[22, 8, 24, 46]",3.072,1.9985,3.5274,0.658,12.3264,"[[0.0, 0.26666666666666666, 1.0], [0.0, 0.6571428571428571, 1.0], [inf, 1.0, 0.0]]",2.7871,3.5274,2.1339
German Credit,Attribute13,DisparateImpactRemover,Validation,Surrogate,GaussianNB,Young,0.0064,0.0019,0.3295,0.0185,0.0185,0.3295,0.048,,0.0,0.0,0.0,0.0,0.0,,0.0,0.0,0.0
German Credit,Attribute13,DisparateImpactRemover,Validation,Surrogate,DecisionTreeClassifier,Aged,0.285,0.214,0.699,0.3427,0.3427,0.699,0.2877,"[11, 19, 8, 62]",2.4169,1.0814,0.5483,1.7152,16.1651,"[[0.0, 0.6333333333333333, 1.0], [0.0, 0.8857142857142857, 1.0], [inf, 1.0, 0.0]]",4.4278,0.5483,12.133
German Credit,Attribute13,DisparateImpactRemover,Validation,Surrogate,DecisionTreeClassifier,Young,0.3615,0.214,0.699,0.3427,0.3427,0.699,0.2877,,0.0,0.0,0.0,0.0,0.0,,0.0,0.0,0.0
German Credit,Attribute13,DisparateImpactRemover,Validation,Surrogate,RandomForestClassifier,Aged,0.257,0.147,0.1369,0.3428,0.3428,0.1369,0.0903,"[13, 17, 3, 67]",1.4334,0.6052,0.1043,1.3644,9.6093,"[[0.0, 0.5666666666666667, 1.0], [0.0, 0.9571428571428572, 1.0], [inf, 1.0, 0.0]]",3.2032,0.1043,10.7211
German Credit,Attribute13,DisparateImpactRemover,Validation,Surrogate,RandomForestClassifier,Young,0.2036,0.147,0.1369,0.3428,0.3428,0.1369,0.0903,,0.0,0.0,0.0,0.0,0.0,,0.0,0.0,0.0
German Credit,Attribute13,DisparateImpactRemover,Test,Surrogate,LogisticRegression,Aged,0.2484,0.1825,0.0004,2.352,2.352,0.0004,0.2082,"[13, 17, 8, 62]",1.875,0.8447,0.3919,1.3893,12.3264,"[[0.0, 0.5666666666666667, 1.0], [0.0, 0.8857142857142857, 1.0], [inf, 1.0, 0.0]]",3.4782,0.3919,9.6345
German Credit,Attribute13,DisparateImpactRemover,Test,Surrogate,LogisticRegression,Young,0.3006,0.1825,0.0004,2.352,2.352,0.0004,0.2082,,0.0,0.0,0.0,0.0,0.0,,0.0,0.0,0.0
German Credit,Attribute13,DisparateImpactRemover,Test,Surrogate,SVC,Aged,0.2484,0.1825,0.0004,2.352,2.352,0.0004,0.192,"[13, 17, 8, 62]",1.875,0.8447,0.3919,1.3893,12.3264,"[[0.0, 0.5666666666666667, 1.0], [0.0, 0.8857142857142857, 1.0], [inf, 1.0, 0.0]]",3.4782,0.3919,9.6345
German Credit,Attribute13,DisparateImpactRemover,Test,Surrogate,SVC,Young,0.3006,0.1825,0.0004,2.352,2.352,0.0004,0.192,,0.0,0.0,0.0,0.0,0.0,,0.0,0.0,0.0
German Credit,Attribute13,DisparateImpactRemover,Test,Surrogate,GaussianNB,Aged,2.0047,0.8287,0.1756,4.8,4.8,0.1756,0.243,"[22, 8, 28, 42]",3.888,2.7,4.8,0.768,14.4699,"[[0.0, 0.26666666666666666, 1.0], [0.0, 0.6, 1.0], [inf, 1.0, 0.0]]",3.3327,4.8,2.1339
German Credit,Attribute13,DisparateImpactRemover,Test,Surrogate,GaussianNB,Young,3.6457,0.8287,0.1756,4.8,4.8,0.1756,0.243,,0.0,0.0,0.0,0.0,0.0,,0.0,0.0,0.0
German Credit,Attribute13,DisparateImpactRemover,Test,Surrogate,DecisionTreeClassifier,Aged,0.8056,0.6088,0.1843,7.4256,7.4256,0.1843,0.5535,"[14, 16, 11, 59]",2.407,1.1842,1.0136,1.3657,14.3198,"[[0.0, 0.5333333333333333, 1.0], [0.0, 0.8428571428571429, 1.0], [inf, 1.0, 0.0]]",3.6755,1.0136,8.0365
German Credit,Attribute13,DisparateImpactRemover,Test,Surrogate,DecisionTreeClassifier,Young,1.2243,0.6088,0.1843,7.4256,7.4256,0.1843,0.5535,,0.0,0.0,0.0,0.0,0.0,,0.0,0.0,0.0
German Credit,Attribute13,DisparateImpactRemover,Test,Surrogate,RandomForestClassifier,Aged,0.4763,0.4077,0.1837,2.2048,2.2048,0.1837,0.1618,"[12, 18, 4, 66]",1.3329,0.5792,0.1393,1.2084,8.7852,"[[0.0, 0.6, 1.0], [0.0, 0.9428571428571428, 1.0], [inf, 1.0, 0.0]]",2.8256,0.1393,8.9978
German Credit,Attribute13,DisparateImpactRemover,Test,Surrogate,RandomForestClassifier,Young,0.643,0.4077,0.1837,2.2048,2.2048,0.1837,0.1618,,0.0,0.0,0.0,0.0,0.0,,0.0,0.0,0.0
German Credit,Attribute13,DisparateImpactRemover,Validation,Test,XGBClassifier,Aged,0.1779,0.1335,0.2811,1.1128,1.1128,0.2811,0.1202,"[13, 17, 6, 64]",1.587,0.6959,0.2203,1.3217,10.5815,"[[0.0, 0.5666666666666667, 1.0], [0.0, 0.9142857142857143, 1.0], [inf, 1.0, 0.0]]",3.1922,0.2203,9.6345
German Credit,Attribute13,DisparateImpactRemover,Validation,Test,XGBClassifier,Young,0.2087,0.1335,0.2811,1.1128,1.1128,0.2811,0.1202,,0.0,0.0,0.0,0.0,0.0,,0.0,0.0,0.0
German Credit,Attribute13,DisparateImpactRemover,Test,Test,XGBClassifier,Aged,0.4191,0.3079,0.3954,0.768,0.768,0.3954,0.2611,"[16, 14, 7, 63]",1.323,0.6126,0.3,0.9915,8.3667,"[[0.0, 0.4666666666666667, 1.0], [0.0, 0.9, 1.0], [inf, 1.0, 0.0]]",2.4078,0.3,6.5343
German Credit,Attribute13,DisparateImpactRemover,Test,Test,XGBClassifier,Young,0.5387,0.3079,0.3954,0.768,0.768,0.3954,0.2611,,0.0,0.0,0.0,0.0,0.0,,0.0,0.0,0.0
German Credit,Attribute13,DisparateImpactRemover,Validation,Surrogate,LogisticRegression,Aged,5.5806,2.0093,0.1098,4.0297,4.0297,0.1098,0.075,"[13, 17, 5, 65]",1.452,0.6281,0.1529,1.2892,9.6889,"[[0.0, 0.5666666666666667, 1.0], [0.0, 0.9285714285714286, 1.0], [inf, 1.0, 0.0]]",3.0528,0.1529,9.6345
German Credit,Attribute13,DisparateImpactRemover,Validation,Surrogate,LogisticRegression,Young,2.7253,2.0093,0.1098,4.0297,4.0297,0.1098,0.075,,0.0,0.0,0.0,0.0,0.0,,0.0,0.0,0.0
German Credit,Attribute13,DisparateImpactRemover,Validation,Surrogate,SVC,Aged,3.4905,1.5513,0.176,2.8923,2.8923,0.176,0.0964,"[10, 20, 4, 66]",1.728,0.7096,0.0978,1.6231,12.1044,"[[0.0, 0.6666666666666666, 1.0], [0.0, 0.9428571428571428, 1.0], [inf, 1.0, 0.0]]",3.9291,0.0978,13.3347
German Credit,Attribute13,DisparateImpactRemover,Validation,Surrogate,SVC,Young,1.9401,1.5513,0.176,2.8923,2.8923,0.176,0.0964,,0.0,0.0,0.0,0.0,0.0,,0.0,0.0,0.0
German Credit,Attribute13,DisparateImpactRemover,Validation,Surrogate,GaussianNB,Aged,6.2381,1.7744,0.5639,1.1128,1.1128,0.5639,0.108,"[17, 13, 9, 61]",1.452,0.7004,0.4961,0.9261,8.8227,"[[0.0, 0.43333333333333335, 1.0], [0.0, 0.8714285714285714, 1.0], [inf, 1.0, 0.0]]",2.3688,0.4961,5.6325
German Credit,Attribute13,DisparateImpactRemover,Validation,Surrogate,GaussianNB,Young,2.9428,1.7744,0.5639,1.1128,1.1128,0.5639,0.108,,0.0,0.0,0.0,0.0,0.0,,0.0,0.0,0.0
German Credit,Attribute13,DisparateImpactRemover,Validation,Surrogate,DecisionTreeClassifier,Aged,0.048,0.0282,0.0634,0.3832,0.3832,0.0634,0.2832,"[11, 19, 11, 59]",2.4532,1.1034,0.5833,1.7117,16.3251,"[[0.0, 0.6333333333333333, 1.0], [0.0, 0.8428571428571429, 1.0], [inf, 1.0, 0.0]]",4.4356,0.5833,11.9664
German Credit,Attribute13,DisparateImpactRemover,Validation,Surrogate,DecisionTreeClassifier,Young,0.045,0.0282,0.0634,0.3832,0.3832,0.0634,0.2832,,0.0,0.0,0.0,0.0,0.0,,0.0,0.0,0.0
German Credit,Attribute13,DisparateImpactRemover,Validation,Surrogate,RandomForestClassifier,Aged,0.9202,0.5199,0.2952,0.2777,0.2777,0.2952,0.0795,"[9, 21, 3, 67]",1.6124,0.6473,0.0486,1.632,11.1724,"[[0.0, 0.7, 1.0], [0.0, 0.9571428571428572, 1.0], [inf, 1.0, 0.0]]",3.9045,0.0486,14.0067
German Credit,Attribute13,DisparateImpactRemover,Validation,Surrogate,RandomForestClassifier,Young,0.6396,0.5199,0.2952,0.2777,0.2777,0.2952,0.0795,,0.0,0.0,0.0,0.0,0.0,,0.0,0.0,0.0
German Credit,Attribute13,DisparateImpactRemover,Test,Surrogate,LogisticRegression,Aged,0.1287,0.0796,0.0254,0.048,0.048,0.0254,0.3851,"[11, 19, 6, 64]",1.875,0.801,0.2203,1.5719,12.9574,"[[0.0, 0.6333333333333333, 1.0], [0.0, 0.9142857142857143, 1.0], [inf, 1.0, 0.0]]",3.8772,0.2203,12.0321
German Credit,Attribute13,DisparateImpactRemover,Test,Surrogate,LogisticRegression,Young,0.1135,0.0796,0.0254,0.048,0.048,0.0254,0.3851,,0.0,0.0,0.0,0.0,0.0,,0.0,0.0,0.0
German Credit,Attribute13,DisparateImpactRemover,Test,Surrogate,SVC,Aged,0.0389,0.024,0.0254,0.048,0.048,0.0254,0.3201,"[13, 17, 6, 64]",1.587,0.6959,0.2203,1.3217,10.5815,"[[0.0, 0.5666666666666667, 1.0], [0.0, 0.9142857142857143, 1.0], [inf, 1.0, 0.0]]",3.1922,0.2203,9.6345
German Credit,Attribute13,DisparateImpactRemover,Test,Surrogate,SVC,Young,0.0363,0.024,0.0254,0.048,0.048,0.0254,0.3201,,0.0,0.0,0.0,0.0,0.0,,0.0,0.0,0.0
German Credit,Attribute13,DisparateImpactRemover,Test,Surrogate,GaussianNB,Aged,124.6889,5.7264,6.627,2.352,2.352,6.627,0.108,"[23, 7, 18, 52]",1.875,1.1268,1.983,0.422,8.2782,"[[0.0, 0.23333333333333334, 1.0], [0.0, 0.7428571428571429, 1.0], [inf, 1.0, 0.0]]",1.8037,1.983,1.6329
German Credit,Attribute13,DisparateImpactRemover,Test,Surrogate,GaussianNB,Young,13.5032,5.7264,6.627,2.352,2.352,6.627,0.108,,0.0,0.0,0.0,0.0,0.0,,0.0,0.0,0.0
German Credit,Attribute13,DisparateImpactRemover,Test,Surrogate,DecisionTreeClassifier,Aged,0.9761,0.7369,0.3044,7.1696,7.1696,0.3044,0.6262,"[15, 15, 19, 51]",2.5444,1.3105,1.3534,1.272,14.2581,"[[0.0, 0.5, 1.0], [0.0, 0.7285714285714285, 1.0], [inf, 1.0, 0.0]]",3.5558,1.3534,6.8457
German Credit,Attribute13,DisparateImpactRemover,Test,Surrogate,DecisionTreeClassifier,Young,1.6227,0.7369,0.3044,7.1696,7.1696,0.3044,0.6262,,0.0,0.0,0.0,0.0,0.0,,0.0,0.0,0.0
German Credit,Attribute13,DisparateImpactRemover,Test,Surrogate,RandomForestClassifier,Aged,0.1392,0.0829,0.1392,0.2256,0.2256,0.1392,0.1809,"[11, 19, 3, 67]",1.1711,0.5017,0.0804,1.1563,7.6398,"[[0.0, 0.6333333333333333, 1.0], [0.0, 0.9571428571428572, 1.0], [inf, 1.0, 0.0]]",2.6296,0.0804,8.8365
German Credit,Attribute13,DisparateImpactRemover,Test,Surrogate,RandomForestClassifier,Young,0.1164,0.0829,0.1392,0.2256,0.2256,0.1392,0.1809,,0.0,0.0,0.0,0.0,0.0,,0.0,0.0,0.0
German Credit,Attribute13,DisparateImpactRemover,Validation,Test,XGBClassifier,Aged,0.0,0.0,0.0239,1.1128,1.1128,0.0239,0.1612,"[13, 17, 7, 63]",1.728,0.768,0.3,1.3547,11.4614,"[[0.0, 0.5666666666666667, 1.0], [0.0, 0.9, 1.0], [inf, 1.0, 0.0]]",3.3327,0.3,9.6345
German Credit,Attribute13,DisparateImpactRemover,Validation,Test,XGBClassifier,Young,0.0,0.0,0.0239,1.1128,1.1128,0.0239,0.1612,,0.0,0.0,0.0,0.0,0.0,,0.0,0.0,0.0
German Credit,Attribute13,DisparateImpactRemover,Test,Test,XGBClassifier,Aged,0.0163,0.01,0.0048,0.768,0.768,0.0048,0.363,"[16, 14, 7, 63]",1.323,0.6126,0.3,0.9915,8.3667,"[[0.0, 0.4666666666666667, 1.0], [0.0, 0.9, 1.0], [inf, 1.0, 0.0]]",2.4078,0.3,6.5343
German Credit,Attribute13,DisparateImpactRemover,Test,Test,XGBClassifier,Young,0.017,0.01,0.0048,0.768,0.768,0.0048,0.363,,0.0,0.0,0.0,0.0,0.0,,0.0,0.0,0.0
